LavatoryID,Description,City,Street,PostalCode,Country,Longitude,Latitude,isOwnedByWall,isHandicappedAccessible,Price,canBePayedWithCoins,canBePayedInApp,canBePayedWithNFC,hasChangingTable,LabelID,hasUrinal,FID
Wall_101003,Toilette Ottmachauer Steig (oberhalb Badestelle Ostufer),Berlin,"Krumme Lanke, Quermatenweg   (0-24 Uhr)",14109,Deutschland,13.24057481,52.45358117,1,0,0,0,0,0,0,5,0,269
Wall_112911,Toilette Uferweg ,Berlin,"Schlachtensee , Am Schlachtensee ggü. 145  (0-24 Uhr)",14129,Deutschland,13.19922876,52.43650689,1,0,0,0,0,0,0,5,0,
Wall_115753,Toilette Am Kiesteich 50,Berlin,Spektepark   (0-24 Uhr),13589,Deutschland,13.16485933,52.54883988,1,0,0,0,0,0,0,5,0,
Wall_116738,"Wall CT, Hubertusdamm",Berlin,Hubertusdamm ggü. 7 (0-24 Uhr),13125,Deutschland,13.47119826,52.61567061,1,1,0.5,1,1,1,1,1,1,868
Wall_116739,"Wall CT, Lindenufer",Berlin,Lindenufer ggü. 10 (0-24 Uhr),13597,Deutschland,13.20776401,52.53735111,1,1,0.5,1,1,1,1,1,0,738
Wall_116747,"Wall CT, Dubliner Str.",Berlin,Dubliner Str.   (0-24 Uhr),13349,Deutschland,13.34675975,52.56054172,1,1,0.5,1,1,1,1,1,0,790
Wall_116752,"Wall CT, Friedhof Eythstr., Eythst.",Berlin,"Friedhof Eythstr., Eythst. 1-25 (7-19 Uhr)",12105,Deutschland,13.36647416,52.45960764,1,1,0.5,1,1,1,0,1,0,716
Wall_118285,"Wall CT, Weberwiese, Marchlewskistr.",Berlin,"Weberwiese, Marchlewskistr. ggü. 16 (0-24 Uhr)",10243,Deutschland,13.44277931,52.5160935,1,1,0.5,1,1,1,0,1,1,674
Wall_118286,"Wall CT, Simplonstr.",Berlin,Simplonstr.   (0-24 Uhr),10245,Deutschland,13.46558416,52.50458111,1,1,0.5,1,1,1,1,1,1,671
Wall_118295,"Wall CT, Besselpark, Besselstr.",Berlin,"Besselpark, Besselstr.   (0-24 Uhr)",10969,Deutschland,13.3912828,52.50411429,1,1,0.5,1,1,1,1,1,1,684
Wall_11952,Toilette Rüdesheimer Str.,Berlin,Rüdesheimer Platz 6 (0-24 Uhr),14197,Deutschland,13.314755,52.473363,1,0,0,0,0,0,0,4,0,207
Wall_11953,Toilette Leuthener Str.,Berlin,"Leuthener Platz , Naumannstr. (0-24 Uhr)",10829,Deutschland,13.363288,52.481146,1,0,0,0,0,0,0,4,0,258
Wall_119670,Toilette Bulgarische Str.,Berlin,"Treptower Park, Weltspielplatz/Alt-Treptow   (7-22 Uhr)",12435,Deutschland,13.48005605,52.48551872,1,0,0.5,0,0,0,0,5,0,863
Wall_119671,Toilette  ,Berlin,"S Bhf. Treptower Park, Stern und Kreisschiffahrt/Puschkinallee 15  (7-22 Uhr)",12435,Deutschland,13.46334589,52.49342186,1,0,0.5,0,0,0,0,5,0,281
Wall_119989,"Wall CT, Pestalozzistr.",Berlin,Pestalozzistr. 77 (0-24 Uhr),10627,Deutschland,13.306683,52.5078805,1,1,0.5,1,1,1,0,1,0,26
Wall_119990,"Wall CT, Preußenallee",Berlin,Preußenallee (0-24 Uhr),14052,Deutschland,13.26015043,52.51614784,1,1,0.5,1,1,1,0,1,0,205
Wall_119991,"Wall CT, Hochmeisterplatz, Westfälische Str.",Berlin,"Hochmeisterplatz, Westfälische Str. ggü. 70 (0-24 Uhr)",10709,Deutschland,13.29939664,52.49529797,1,1,0.5,1,1,1,1,1,0,38
Wall_119992,"Wall CT, Humboldthain, Gustav-Meyer-Allee",Berlin,"Humboldthain, Gustav-Meyer-Allee   (0-24 Uhr)",13355,Deutschland,13.39051341,52.54474837,1,1,0.5,1,1,1,0,1,0,95
Wall_119993,"Wall CT, Charlottenstr.",Berlin,Charlottenstr. ggü. 53-54 (0-24 Uhr),10117,Deutschland,13.3915,52.51416667,1,1,0.5,1,1,1,0,1,0,218
Wall_119994,"Wall CT, Alt-Moabit",Berlin,Alt-Moabit ggü. 81-82 (0-24 Uhr),10555,Deutschland,13.3355016,52.52499595,1,1,0.5,1,1,1,0,1,0,124
Wall_119995,"Wall CT, Buddeplatz (S-Bhf. Tegel), Buddestr.",Berlin,"Buddeplatz (S-Bhf. Tegel), Buddestr. ggü. 12 (0-24 Uhr)",13507,Deutschland,13.28855267,52.58809291,1,1,0.5,1,1,1,1,1,0,58
Wall_119996,"Wall CT, Göschenplatz, Oranienburger Str.",Berlin,"Göschenplatz, Oranienburger Str. 184-185 (0-24 Uhr)",13437,Deutschland,13.33233623,52.59754508,1,1,0.5,1,1,1,0,1,0,83
Wall_119997,"Wall CT, Am Märchenbrunnen, Friedenstr.",Berlin,"Am Märchenbrunnen, Friedenstr. ggü. 4 (0-24 Uhr)",10249,Deutschland,13.42739337,52.52711565,1,1,0.5,1,1,1,0,1,0,99
Wall_119998,"Wall CT, Forckenbeckplatz, Eldenaer Str.",Berlin,"Forckenbeckplatz, Eldenaer Str. ggü. 44-45 (0-24 Uhr)",10247,Deutschland,13.46108994,52.51995535,1,1,0.5,1,1,1,0,1,0,109
Wall_119999,"Wall CT, Degnerstr.",Berlin,Degnerstr. 5 (0-24 Uhr),13053,Deutschland,13.49426207,52.54559582,1,1,0.5,1,1,1,0,1,0,122
Wall_120000,"Wall CT, Gürtelstr.",Berlin,Gürtelstr. (0-24 Uhr),10247,Deutschland,13.47697618,52.51314661,1,1,0.5,1,1,1,0,1,0,118
Wall_120001,"Wall CT, Kladower Damm",Berlin,Kladower Damm 387 (0-24 Uhr),14089,Deutschland,13.14391838,52.45375126,1,1,0.5,1,1,1,0,1,0,71
Wall_120002,"Wall CT, Hellersdorfer Str.",Berlin,Hellersdorfer Str. 78 (0-24 Uhr),12619,Deutschland,13.5884471,52.52086724,1,1,0.5,1,1,1,0,1,0,76
Wall_120003,"Wall CT, Ahrensfelder Platz",Berlin,Ahrensfelder Platz   (0-24 Uhr),12689,Deutschland,13.56583554,52.57009937,1,1,0.5,1,1,1,0,1,1,121
Wall_120004,"Wall CT, Lipschitzplatz",Berlin,Lipschitzplatz   (0-24 Uhr),12353,Deutschland,13.46317976,52.42383789,1,1,0.5,1,1,1,0,1,0,44
Wall_120005,"Wall CT, Richardplatz",Berlin,Richardplatz 17 (0-24 Uhr),12055,Deutschland,13.44538488,52.4740719,1,1,0.5,1,1,1,0,1,0,103
Wall_120006,"Wall CT, Kollwitzplatz, Kollwitzstr.",Berlin,"Kollwitzplatz, Kollwitzstr. ggü. 56A (0-24 Uhr)",10435,Deutschland,13.417025,52.53558335,1,1,0.5,1,1,1,1,1,0,45
Wall_120007,"Wall CT, Elsa-Brändström-Str.",Berlin,Elsa-Brändström-Str. 2 (0-24 Uhr),13189,Deutschland,13.41353517,52.55983408,1,1,0.5,1,1,1,0,1,0,86
Wall_120008,"Wall CT, Alt-Mariendorf",Berlin,Alt-Mariendorf 33 (0-24 Uhr),12107,Deutschland,13.38791218,52.44015873,1,1,0.5,1,1,1,0,1,0,57
Wall_120009,"Wall CT, Hauptstr.",Berlin,Hauptstr. 128 (0-24 Uhr),10827,Deutschland,13.35281188,52.48432516,1,1,0.5,1,1,1,0,1,0,106
Wall_120010,"Wall CT, Argentinische Allee",Berlin,Argentinische Allee (0-24 Uhr),14163,Deutschland,13.24017109,52.44234287,1,1,0.5,1,1,1,0,1,0,77
Wall_120011,"Wall CT, S-Bhf. Zehlendorf, Teltower Damm",Berlin,"S-Bhf. Zehlendorf, Teltower Damm 37-39 (0-24 Uhr)",14165,Deutschland,13.259629,52.430962,1,1,0.5,1,1,1,0,1,0,29
Wall_120012,"Wall CT, Brauerstr.",Berlin,Brauerstr. ggü. 1 (0-24 Uhr),12209,Deutschland,13.326157,52.427696,1,1,0.5,1,1,1,0,1,0,51
Wall_120013,"Wall CT, S-Bhf. Grünau, Wassersportallee",Berlin,"S-Bhf. Grünau, Wassersportallee   (0-24 Uhr)",12527,Deutschland,13.574246,52.413678,1,1,0.5,1,1,1,0,1,0,75
Wall_120014,"Wall CT, Sterndamm",Berlin,Sterndamm 8-10 (0-24 Uhr),12487,Deutschland,13.50934272,52.45369117,1,1,0.5,1,1,1,0,1,0,82
Wall_120015,"Wall CT, S-Bhf. Köpenick, Stellingdamm",Berlin,"S-Bhf. Köpenick, Stellingdamm ggü. 1 (0-24 Uhr)",12555,Deutschland,13.58021912,52.45884687,1,1,0.5,1,1,1,0,1,0,260
Wall_120016,"Wall CT, Kiefholzstr.",Berlin,Kiefholzstr. 258 (0-24 Uhr),12437,Deutschland,13.48680536,52.46589117,1,1,0.5,1,1,1,0,1,0,100
Wall_120017,"Wall CT, Plesser Str.",Berlin,Plesser Str. 7 (0-24 Uhr),12435,Deutschland,13.45114979,52.48906464,1,1,0.5,1,1,1,0,1,0,154
Wall_120018,"Wall CT, Schivelbeiner Str.",Berlin,Schivelbeiner Str. 1 (0-24 Uhr),10439,Deutschland,13.41343229,52.55067675,1,1,0.5,1,1,1,0,1,0,87
Wall_120019,"Wall CT, Bornholmer Str.",Berlin,Bornholmer Str. 94 (0-24 Uhr),10439,Deutschland,13.41329416,52.55375525,1,1,0.5,1,1,1,0,1,0,117
Wall_120020,"Wall CT, Steglitzer Damm",Berlin,Steglitzer Damm ggü. 3 (0-24 Uhr),12167,Deutschland,13.33620516,52.45100851,1,1,0.5,1,1,1,0,1,0,131
Wall_120021,"Wall CT, Leonorenstr.",Berlin,Leonorenstr. ggü. 67 (0-24 Uhr),12247,Deutschland,13.34311524,52.43895764,1,1,0.5,1,1,1,0,1,0,63
Wall_120022,"Wall CT, Platz der Luftbrücke, Tempelhofer Damm",Berlin,"Platz der Luftbrücke, Tempelhofer Damm (0-24 Uhr)",12101,Deutschland,13.38683242,52.48424032,1,1,0.5,1,1,1,0,1,0,46
Wall_120023,"Wall CT, Kurt-Schumacher-Platz, Scharnweberstr.",Berlin,"Kurt-Schumacher-Platz, Scharnweberstr. ggü. 19 (0-24 Uhr)",13405,Deutschland,13.32671558,52.56391959,1,1,0.5,1,1,1,0,1,0,78
Wall_120024,"Wall CT, Gudrunstr.",Berlin,Gudrunstr. 20 (0-24 Uhr),10365,Deutschland,13.50882,52.51505,1,1,0.5,1,1,1,0,1,0,88
Wall_120185,"Wall CT, Urbanstr.",Berlin,Urbanstr. 21 (0-24 Uhr),10961,Deutschland,13.4085659,52.49274405,1,1,0.5,1,1,1,0,1,0,262
Wall_120186,"Wall CT, Planufer",Berlin,Planufer   (0-24 Uhr),10967,Deutschland,13.41983203,52.49567026,1,1,0.5,1,1,1,0,1,0,70
Wall_120188,"Wall CT, Gneisenaustr.",Berlin,Gneisenaustr. 39 (0-24 Uhr),10961,Deutschland,13.398054,52.490534,1,1,0.5,1,1,1,0,1,1,84
Wall_120189,"Wall CT, Görlitzer Park, Wiener Str.",Berlin,"Görlitzer Park, Wiener Str. 59A (0-24 Uhr)",10999,Deutschland,13.43915689,52.49505807,1,1,0.5,1,1,1,0,1,0,85
Wall_120190,"Wall CT, Platz der Vereinten Nationen, Landsberger Allee",Berlin,"Platz der Vereinten Nationen, Landsberger Allee   (0-24 Uhr)",10249,Deutschland,13.43298563,52.52350857,1,1,0.5,1,1,1,0,1,0,31
Wall_120191,"Wall CT, Erich-Steinfurth-Str.",Berlin,Erich-Steinfurth-Str.   (0-24 Uhr),10243,Deutschland,13.43455729,52.51147737,1,1,0.5,1,1,1,0,1,1,21
Wall_120192,"Wall CT, Warschauer Str.",Berlin,Warschauer Str. ggü. 33 (0-24 Uhr),10243,Deutschland,13.45063157,52.50761974,1,1,0.5,1,1,1,0,1,1,33
Wall_120193,"Wall CT, Wühlischplatz, Wühlischstr.",Berlin,"Wühlischplatz, Wühlischstr. ggü. 11 (0-24 Uhr)",10245,Deutschland,13.46391551,52.50790004,1,1,0.5,1,1,1,0,1,0,89
Wall_120205,"Wall CT, Grellstr.",Berlin,Grellstr. 39 (0-24 Uhr),10409,Deutschland,13.43822268,52.54148322,1,1,0.5,1,1,1,0,1,0,102
Wall_120206,"Wall CT, Bülowstr.",Berlin,Bülowstr. ggü. 49 (0-24 Uhr),10783,Deutschland,13.36691412,52.49385169,1,1,0.5,1,1,1,0,1,0,114
Wall_120207,"Wall CT, Reinickendorfer Str.",Berlin,Reinickendorfer Str. 9 (0-24 Uhr),13347,Deutschland,13.3699105,52.54161114,1,1,0.5,1,1,1,0,1,0,220
Wall_120208,"Wall CT, Osloer Str.",Berlin,Osloer Str. 18 (0-24 Uhr),13359,Deutschland,13.38398658,52.55604865,1,1,0.5,1,1,1,0,1,0,112
Wall_120209,"Wall CT, Köllnischer Park, Rungestr.",Berlin,"Köllnischer Park, Rungestr. 31 (0-24 Uhr)",10179,Deutschland,13.41357257,52.51270771,1,1,0.5,1,1,1,0,1,0,116
Wall_120210,"Wall CT, Dürerplatz",Berlin,Dürerplatz 5 (0-24 Uhr),12157,Deutschland,13.34150163,52.46954341,1,1,0.5,1,1,1,0,1,0,110
Wall_120211,"Wall CT, Priesterweg",Berlin,Priesterweg S-Bahnhof (0-24 Uhr),12157,Deutschland,13.355711,52.459251,1,1,0.5,1,1,1,0,1,0,127
Wall_120212,"Wall CT, Marienfelder Allee",Berlin,Marienfelder Allee 144-146 (0-24 Uhr),12277,Deutschland,13.36315439,52.41349844,1,1,0.5,1,1,1,0,1,0,128
Wall_120213,"Wall CT, Friedrichstr.",Berlin,Friedrichstr. ggü. 10-11 (0-24 Uhr),10969,Deutschland,13.391234,52.501269,1,1,0.5,1,1,1,0,1,0,91
Wall_120214,"Wall CT, Im Domstift",Berlin,Im Domstift   (0-24 Uhr),12309,Deutschland,13.41016173,52.38777878,1,1,0.5,1,1,1,0,1,0,139
Wall_120215,"Wall CT, Nöldnerplatz, Archibaldweg",Berlin,"Nöldnerplatz, Archibaldweg   (0-24 Uhr)",10317,Deutschland,13.48398,52.50302,1,1,0.5,1,1,1,1,1,0,93
Wall_120216,"Wall CT, Marzahner Promenade (Fußgängerzone)",Berlin,Marzahner Promenade (Fußgängerzone) 30-33 (0-24 Uhr),12679,Deutschland,13.549245,52.544367,1,1,0.5,1,1,1,1,1,0,69
Wall_120222,"Wall CT, Waldstr.",Berlin,Waldstr. 1 (0-24 Uhr),10551,Deutschland,13.33060649,52.52741489,1,1,0.5,1,1,1,0,1,0,39
Wall_120223,"Wall CT, Hugenottenplatz, Schweizer Tal",Berlin,"Hugenottenplatz, Schweizer Tal ggü. 48 (0-24 Uhr)",13127,Deutschland,13.42056481,52.60714453,1,1,0.5,1,1,1,0,1,0,137
Wall_120224,"Wall CT, Hohenzollerndamm",Berlin,Hohenzollerndamm   (0-24 Uhr),14199,Deutschland,13.28197635,52.47694105,1,1,0.5,1,1,1,0,1,0,6
Wall_120225,"Wall CT, Wilhelminenhofstr.",Berlin,Wilhelminenhofstr. 54 (0-24 Uhr),12459,Deutschland,13.52667175,52.45859286,1,1,0.5,1,1,1,0,1,0,167
Wall_120226,"Wall CT, Bundesallee, Friedrich-Wilhelm-Platz",Berlin,"Bundesallee, Friedrich-Wilhelm-Platz 4 (0-24 Uhr)",12161,Deutschland,13.32793177,52.47256281,1,1,0.5,1,1,1,0,1,0,36
Wall_120227,"Wall CT, Achillesstr.",Berlin,Achillesstr. ggü. 59 (0-24 Uhr),13125,Deutschland,13.48851,52.617635,1,1,0.5,1,1,1,0,1,0,149
Wall_120228,"Wall CT, S-Bhf. Wilhelmshagen, Schönblicker Str.",Berlin,"S-Bhf. Wilhelmshagen, Schönblicker Str.   (0-24 Uhr)",12589,Deutschland,13.72100464,52.43908174,1,1,0.5,1,1,1,0,1,0,169
Wall_120229,"Wall CT, Badensche Str.",Berlin,Badensche Str. 29 (0-24 Uhr),10715,Deutschland,13.32748453,52.48647695,1,1,0.5,1,1,1,0,1,0,107
Wall_120230,"Wall CT, Eberbacher Str.",Berlin,Eberbacher Str. 24 (0-24 Uhr),14197,Deutschland,13.30926853,52.47332458,1,1,0.5,1,1,1,1,1,0,104
Wall_120403,"Wall CT, Weitlingstr.",Berlin,Weitlingstr. 2 (0-24 Uhr),10317,Deutschland,13.4993597,52.51063188,1,1,0.5,1,1,1,1,1,0,30
Wall_120407,"Wall CT, Seddiner Str.",Berlin,Seddiner Str. 22 (0-24 Uhr),10315,Deutschland,13.52083415,52.51350191,1,1,0.5,1,1,1,1,1,0,734
Wall_120443,Toilette Grünberger Str.,Berlin,"Boxhagener Platz, Gärtnerstr. ggü. 12-13 (0-24 Uhr)",10245,Deutschland,13.46065563,52.51069716,1,1,0,0,0,0,0,5,0,184
Wall_120446,"Wall CT, Breitenbachplatz",Berlin,Breitenbachplatz 8 (0-24 Uhr),14195,Deutschland,13.30866482,52.46723679,1,1,0.5,1,1,1,0,1,0,79
Wall_120447,"Wall CT, Griechische Allee",Berlin,Griechische Allee 2 (0-24 Uhr),12459,Deutschland,13.51389091,52.46463708,1,1,0.5,1,1,1,0,1,0,152
Wall_120448,"Wall CT, Hempelsteig",Berlin,Hempelsteig hinter 1A (0-24 Uhr),14052,Deutschland,13.240857,52.525505,1,1,0.5,1,1,1,0,1,0,172
Wall_120449,"Wall CT, Goerzallee",Berlin,Goerzallee 1-3 (0-24 Uhr),12207,Deutschland,13.30931569,52.43090189,1,1,0.5,1,1,1,0,1,0,166
Wall_120450,"Wall CT, Munsterdamm",Berlin,Munsterdamm   (0-24 Uhr),12169,Deutschland,13.34910572,52.45855306,1,1,0.5,1,1,1,0,1,0,164
Wall_120451,"Wall CT, Ostpreußendamm",Berlin,Ostpreußendamm 83 (0-24 Uhr),12207,Deutschland,13.30486876,52.41756857,1,1,0.5,1,1,1,0,1,0,177
Wall_120461,"Wall CT, Zingster Str.",Berlin,Zingster Str. 37 (0-24 Uhr),13059,Deutschland,13.49694955,52.56987392,1,1,0.5,1,1,1,1,1,0,809
Wall_120462,"Wall CT, Am Heidefriedhof, Reißeckstr.",Berlin,"Am Heidefriedhof, Reißeckstr. 14 (0-24 Uhr)",12107,Deutschland,13.39209928,52.43975231,1,1,0.5,1,1,1,0,1,0,717
Wall_120493,"Wall CT, Steglitzer Damm",Berlin,Steglitzer Damm vor 39/39a (0-24 Uhr),12169,Deutschland,13.34281826,52.45068359,1,1,0.5,1,1,1,0,1,0,146
Wall_120494,"Wall CT, Schloßstr.",Berlin,Schloßstr. ggü. 33-35 (0-24 Uhr),12163,Deutschland,13.32143252,52.45726951,1,1,0.5,1,1,1,0,1,0,9
Wall_120495,"Wall CT, S-Bhf. Wartenberg , Egon-Erwin-Kisch-Str.",Berlin,"S-Bhf. Wartenberg , Egon-Erwin-Kisch-Str. 28 (0-24 Uhr)",13059,Deutschland,13.50467113,52.5733301,1,1,0.5,1,1,1,1,1,0,97
Wall_120496,"Wall CT, Landsberger Allee",Berlin,Landsberger Allee   (0-24 Uhr),10369,Deutschland,13.47069502,52.53100821,1,1,0.5,1,1,1,0,1,1,213
Wall_120497,"Wall CT, S-Bhf. Karlshorst, Stolzenfelsstr.",Berlin,"S-Bhf. Karlshorst, Stolzenfelsstr.   (0-24 Uhr)",10318,Deutschland,13.52601743,52.48132515,1,1,0.5,1,1,1,1,1,0,49
Wall_12051,Toilette Bernauer Str. (DLRG-Rettungsstelle/Badestelle/Fähre) (ex. Bernauer Str. an der Badestelle (Reiswerder)),Berlin,Zufahrt Insel Reiswerder  (0-24 Uhr),13629,Deutschland,13.25655556,52.56813889,1,0,0,0,0,0,0,5,0,
Wall_120510,"Wall CT, Boulevard Kastanienallee",Berlin,Boulevard Kastanienallee   (0-24 Uhr),12619,Deutschland,13.60335231,52.53191205,1,1,0.5,1,1,1,0,1,0,277
Wall_120511,"Wall CT, Attilaplatz, Attilastr.",Berlin,"Attilaplatz, Attilastr. ggü. 176 (0-24 Uhr)",12105,Deutschland,13.37599736,52.45591139,1,1,0.5,1,1,1,0,1,0,150
Wall_120512,"Wall CT, Hranitzkistr.",Berlin,Hranitzkistr.   (0-24 Uhr),12277,Deutschland,13.37109775,52.42251984,1,1,0.5,1,1,1,0,1,0,143
Wall_120737,"Wall CT, Leipziger Straße Spittelmarkt",Berlin,Leipziger Straße Spittelmarkt   (0-24 Uhr),10117,Deutschland,13.4007839,52.5116669,1,1,0.5,1,1,1,0,1,0,758
Wall_120738,"Wall CT, Hermannplatz",Berlin,Hermannplatz 9 (0-24 Uhr),10967,Deutschland,13.42529799,52.4876315,1,1,0.5,1,1,1,0,1,0,27
Wall_120739,"Wall CT, Antonplatz, Berliner Allee",Berlin,"Antonplatz, Berliner Allee 34 (0-24 Uhr)",13088,Deutschland,13.45123671,52.548166,1,1,0.5,1,1,1,0,1,0,52
Wall_120740,"Wall CT, S-Bhf. Frohnau, Welfenallee",Berlin,"S-Bhf. Frohnau, Welfenallee 1-5 (0-24 Uhr)",13465,Deutschland,13.28900793,52.6319858,1,1,0.5,1,1,1,0,1,0,48
Wall_120741,"Wall CT, Rudower Chaussee",Berlin,Rudower Chaussee 1-3 (0-24 Uhr),12489,Deutschland,13.53926,52.43443,1,1,0.5,1,1,1,0,1,0,160
Wall_120742,"Wall CT, Neuendorfer Str.",Berlin,Neuendorfer Str. 2 (0-24 Uhr),13585,Deutschland,13.20563531,52.54143399,1,1,0.5,1,1,1,0,1,0,64
Wall_120744,"Wall CT, Hohenzollernplatz, Hohenzollerndamm",Berlin,"Hohenzollernplatz, Hohenzollerndamm 199 (0-24 Uhr)",10717,Deutschland,13.32505638,52.49401382,1,1,0.5,1,1,1,0,1,0,60
Wall_120745,"Wall CT, S-Bhf. Biesdorf, Wuhlgartenweg",Berlin,"S-Bhf. Biesdorf, Wuhlgartenweg   (0-24 Uhr)",12683,Deutschland,13.55491781,52.51342021,1,1,0.5,1,1,1,0,1,0,161
Wall_120746,"Wall CT, Innsbrucker Platz",Berlin,Innsbrucker Platz   (0-24 Uhr),10825,Deutschland,13.34347128,52.47867558,1,1,0.5,1,1,1,0,1,0,74
Wall_120747,"Wall CT, Wernsdorfer Str.",Berlin,Wernsdorfer Str. ggü. 1 (0-24 Uhr),12527,Deutschland,13.64932986,52.375817,1,1,0.5,1,1,1,0,1,0,163
Wall_120748,"Wall CT, Winterfeldtplatz, Hohenstaufenstr.",Berlin,"Winterfeldtplatz, Hohenstaufenstr. 1 (0-24 Uhr)",10781,Deutschland,13.35362219,52.494878,1,1,0.5,1,1,1,0,1,0,81
Wall_120749,"Wall CT, George-Grosz-Platz, Kurfürstendamm",Berlin,"George-Grosz-Platz, Kurfürstendamm 50 (0-24 Uhr)",10707,Deutschland,13.31733472,52.50148069,1,1,0.5,1,1,1,0,1,0,18
Wall_120750,"Wall CT, Waldstr.",Berlin,Waldstr. ggü. 89 (0-24 Uhr),13156,Deutschland,13.40023511,52.58067317,1,1,0.5,1,1,1,0,1,0,32
Wall_120751,"Wall CT, Fontanestr.",Berlin,Fontanestr.   (0-24 Uhr),14193,Deutschland,13.263703,52.487504,1,1,0.5,1,1,1,0,1,0,92
Wall_120752,"Wall CT, S+U-Bhf. Wuhletal, Altentreptower Str.",Berlin,"S+U-Bhf. Wuhletal, Altentreptower Str.   (0-24 Uhr)",12621,Deutschland,13.57488685,52.51290074,1,1,0.5,1,1,1,1,1,0,130
Wall_120753,"Wall CT, U-Bhf. Kienberg, Neue Grottkauer Str.",Berlin,"U-Bhf. Kienberg, Neue Grottkauer Str.   (0-24 Uhr)",12619,Deutschland,13.59157784,52.52941862,1,1,0.5,1,1,1,1,1,0,156
Wall_120759,"Wall CT, Quedlinburger Str.",Berlin,Quedlinburger Str. hinter 1 (0-24 Uhr),12627,Deutschland,13.60470183,52.53938547,1,1,0.5,1,1,1,0,1,0,142
Wall_120760,"Wall CT, Hellersdorfer Str.",Berlin,Hellersdorfer Str. 227 (0-24 Uhr),12627,Deutschland,13.60107193,52.53581896,1,1,0.5,1,1,1,0,1,0,173
Wall_120761,"Wall CT, Roedernstr.",Berlin,Roedernstr.   (0-24 Uhr),12623,Deutschland,13.60117246,52.48255179,1,1,0.5,1,1,1,0,1,0,140
Wall_120762,"Wall CT, Elsterwerdaer Platz",Berlin,Elsterwerdaer Platz 1-3 (0-24 Uhr),12683,Deutschland,13.56090832,52.50593948,1,1,0.5,1,1,1,0,1,1,73
Wall_120763,"Wall CT, Helene-Weigel-Platz",Berlin,Helene-Weigel-Platz 4 (0-24 Uhr),12681,Deutschland,13.53803013,52.52796839,1,1,0.5,1,1,1,1,1,0,41
Wall_120764,"Wall CT, Debenzer Str.",Berlin,Debenzer Str. ggü. 36 (0-24 Uhr),12683,Deutschland,13.54735,52.500953,1,1,0.5,1,1,1,1,1,1,145
Wall_120941,"Wall CT, Rathaus Spandau, Altstädter Ring",Berlin,"Rathaus Spandau, Altstädter Ring   (0-24 Uhr)",13597,Deutschland,13.20042906,52.53547008,1,1,0.5,1,1,1,1,1,0,7
Wall_120942,"Wall CT, Imchenplatz, Imchenallee",Berlin,"Imchenplatz, Imchenallee   (0-24 Uhr)",14089,Deutschland,13.14891875,52.452525,1,1,0.5,1,1,1,1,1,0,50
Wall_120943,"Wall CT, Metzer Platz",Berlin,Metzer Platz ggü. 118 (0-24 Uhr),13595,Deutschland,13.19701243,52.52440937,1,1,0.5,1,1,1,0,1,1,56
Wall_120944,"Wall CT, Moritzstr.",Berlin,Moritzstr.   (0-24 Uhr),13597,Deutschland,13.20111111,52.53833333,1,1,0.5,1,1,1,0,1,1,47
Wall_121087,"Wall CT, Wiltbergstr.",Berlin,Wiltbergstr. 19 (0-24 Uhr),13125,Deutschland,13.49460645,52.63565558,1,1,0.5,1,1,1,0,1,0,111
Wall_121088,"Wall CT, Breite Str.",Berlin,Breite Str. 35 (0-24 Uhr),13187,Deutschland,13.40734653,52.57025395,1,1,0.5,1,1,1,0,1,1,53
Wall_121089,"Wall CT, Berliner Allee",Berlin,Berliner Allee ggü. 160 (0-24 Uhr),13086,Deutschland,13.46625556,52.55261485,1,1,0.5,1,1,1,1,1,1,135
Wall_121090,"Wall CT, Schönhauser Allee",Berlin,Schönhauser Allee hinter 137 (0-24 Uhr),10437,Deutschland,13.41194057,52.54305267,1,1,0.5,1,1,1,0,1,1,62
Wall_121091,"Wall CT, Wichertstr.",Berlin,Wichertstr. 21 (0-24 Uhr),10439,Deutschland,13.42089017,52.54864128,1,1,0.5,1,1,1,0,1,1,134
Wall_121092,"Wall CT, Wichertstr.",Berlin,Wichertstr. 43 (0-24 Uhr),10439,Deutschland,13.42732495,52.54586698,1,1,0.5,1,1,1,0,1,1,123
Wall_121093,"Wall CT, Helmholtzplatz, Raumerstr.",Berlin,"Helmholtzplatz, Raumerstr. ggü. 9 (0-24 Uhr)",10437,Deutschland,13.41865976,52.54289974,1,1,0.5,1,1,1,1,1,1,126
Wall_121094,"Wall CT, Am Falkplatz",Berlin,Am Falkplatz ggü. 5 (0-24 Uhr),10437,Deutschland,13.40542608,52.54676503,1,1,0.5,1,1,1,1,1,1,120
Wall_121095,"Wall CT, Arnswalder Platz, Bötzowstr.",Berlin,"Arnswalder Platz, Bötzowstr. ggü. 51 (0-24 Uhr)",10407,Deutschland,13.43710799,52.53359529,1,1,0.5,1,1,1,1,1,1,231
Wall_121141,"Wall CT, Am Weißen See, Parkstr.",Berlin,"Am Weißen See, Parkstr. ggü. 80 (0-24 Uhr)",13086,Deutschland,13.45874385,52.55557439,1,1,0.5,1,1,1,1,1,1,806
Wall_121168,"Wall CT, Schillerpromenade",Berlin,Schillerpromenade 37 (0-24 Uhr),12049,Deutschland,13.42199925,52.47758451,1,1,0.5,1,1,1,0,1,1,138
Wall_121169,"Wall CT, Sonnenallee",Berlin,Sonnenallee 262 (0-24 Uhr),12057,Deutschland,13.46431748,52.4703125,1,1,0.5,1,1,1,0,1,1,141
Wall_121170,"Wall CT, Boddinplatz, Mainzer Str.",Berlin,"Boddinplatz, Mainzer Str.   (0-24 Uhr)",12053,Deutschland,13.4284121,52.47991335,1,1,0.5,1,1,1,0,1,1,144
Wall_121238,"Wall CT, Seestr.",Berlin,Seestr. 94 (0-24 Uhr),13353,Deutschland,13.35159522,52.55038285,1,1,0.5,1,1,1,0,1,0,23
Wall_121945,"Wall CT, Savignyplatz",Berlin,Savignyplatz 1 (0-24 Uhr),10623,Deutschland,13.322725,52.505252,1,1,0.5,1,1,1,0,1,0,278
Wall_121946,"Wall CT, Schönefelder Chaussee",Berlin,Schönefelder Chaussee 100 (0-24 Uhr),12524,Deutschland,13.52751847,52.4109873,1,1,0.5,1,1,1,0,1,0,170
Wall_121947,"Wall CT, Briesingstr.",Berlin,Briesingstr. ggü. 1 (0-24 Uhr),12307,Deutschland,13.39849866,52.38651785,1,1,0.5,1,1,1,0,1,1,43
Wall_121948,"Wall CT, Kurt-Schumacher-Damm",Berlin,Kurt-Schumacher-Damm   (0-24 Uhr),13627,Deutschland,13.29402034,52.53625419,1,1,0.5,1,1,1,0,1,0,59
Wall_121956,"Wall CT, Bundesallee, Bundesplatz",Berlin,"Bundesallee, Bundesplatz 6 (0-24 Uhr)",10715,Deutschland,13.32828671,52.47900696,1,1,0.5,1,1,1,0,1,0,94
Wall_122375,"Wall CT, Fulhamer Allee",Berlin,Fulhamer Allee ggü. 34 (0-24 Uhr),12353,Deutschland,13.44022382,52.44771055,1,1,0.5,1,1,1,0,1,1,808
Wall_122395,"Wall CT, Park am Weinbergsweg, Weinbergsweg",Berlin,"Park am Weinbergsweg, Weinbergsweg (0-24 Uhr)",10119,Deutschland,13.40308869,52.53194771,1,1,0.5,1,1,1,1,1,1,880
Wall_122523,"Wall CT, Am Treptower Park",Berlin,Am Treptower Park ggü. 31-32 (0-24 Uhr),12435,Deutschland,13.46437459,52.48746676,1,1,0.5,1,1,1,0,1,0,113
Wall_122524,"Wall CT, S-Bhf. Friedrichshagen, Dahlwitzer Landstr.",Berlin,"S-Bhf. Friedrichshagen, Dahlwitzer Landstr.   (0-24 Uhr)",12587,Deutschland,13.62535,52.457726,1,1,0.5,1,1,1,0,1,1,66
Wall_122525,"Wall CT, Comeniusplatz, Torellstr.",Berlin,"Comeniusplatz, Torellstr. ggü. 1 (0-24 Uhr)",10243,Deutschland,13.44733616,52.51144617,1,1,0.5,1,1,1,0,1,1,119
Wall_122526,"Wall CT, Traveplatz, Weichselstr.",Berlin,"Traveplatz, Weichselstr. ggü. 13-14 (0-24 Uhr)",10247,Deutschland,13.46902428,52.51123154,1,1,0.5,1,1,1,0,1,0,132
Wall_122527,"Wall CT, Skalitzer Str.",Berlin,Skalitzer Str. ggü. 6 (0-24 Uhr),10997,Deutschland,13.43031102,52.49996024,1,1,0.5,1,1,1,0,1,0,55
Wall_122528,"Wall CT, Alfred-Scholz-Platz, Richardstr.",Berlin,"Alfred-Scholz-Platz, Richardstr. 1 (0-24 Uhr)",12043,Deutschland,13.438141,52.478802,1,1,0.5,1,1,1,0,1,0,230
Wall_122529,"Wall CT, Ludwigkirchplatz",Berlin,Ludwigkirchplatz 12 (0-24 Uhr),10719,Deutschland,13.32239001,52.49714131,1,1,0.5,1,1,1,1,1,0,98
Wall_122530,"Wall CT, Turmstr.",Berlin,Turmstr. ggü. 20a-21 (0-24 Uhr),10178,Deutschland,13.34809497,52.52609309,1,1,0.5,1,1,1,0,1,1,115
Wall_122531,"Wall CT, Invalidenstr.",Berlin,Invalidenstr. ggü. 44 (0-24 Uhr),10117,Deutschland,13.37816284,52.52895757,1,1,0.5,1,1,1,0,1,1,148
Wall_122572,"Wall CT, Burgstr. (James-Simon-Park)",Berlin,Burgstr. (James-Simon-Park) ggü. 28 (0-24 Uhr),10178,Deutschland,13.40042936,52.52199959,1,1,0.5,1,1,1,0,1,1,22
Wall_122573,"Wall CT, Potsdamer Str.",Berlin,Potsdamer Str. 109 (0-24 Uhr),10785,Deutschland,13.36306169,52.49987905,1,1,0.5,1,1,1,0,1,1,68
Wall_122574,"Wall CT, Museumsinsel, Am Lustgarten",Berlin,"Museumsinsel, Am Lustgarten   (0-24 Uhr)",10178,Deutschland,13.39989808,52.51946733,1,1,0.5,1,1,1,0,1,1,17
Wall_122575,"Wall CT, Str. des 17. Juni",Berlin,Str. des 17. Juni   (0-24 Uhr),10557,Deutschland,13.37553913,52.51637202,1,1,0.5,1,1,1,0,1,1,19
Wall_122576,"Wall CT, Linkstr.",Berlin,Linkstr. ggü. 10 (0-24 Uhr),10785,Deutschland,13.37428942,52.50557041,1,1,0.5,1,1,1,0,1,1,168
Wall_122579,"Wall CT, Leopoldplatz, Müllerstr.",Berlin,"Leopoldplatz, Müllerstr. ggü. 150 (0-24 Uhr)",13347,Deutschland,13.3586066,52.5470043,1,1,0.5,1,1,1,0,1,1,222
Wall_122580,"Wall CT, Ungarnstr.",Berlin,Ungarnstr. ggü. 58 (0-24 Uhr),13349,Deutschland,13.35593646,52.555437,1,1,0.5,1,1,1,0,1,1,108
Wall_122581,"Wall CT, Alt-Tegel",Berlin,Alt-Tegel 1-3 (0-24 Uhr),13507,Deutschland,13.28278846,52.58985277,1,1,0.5,1,1,1,0,1,0,13
Wall_122583,"Wall CT, An der Werderlake",Berlin,An der Werderlake   (0-24 Uhr),12355,Deutschland,13.51660111,52.42009356,1,1,0.5,1,1,1,0,1,0,916
Wall_122584,"Wall CT, S-Bhf. Plänterwald, Bahnhofsvorplatz",Berlin,"S-Bhf. Plänterwald, Bahnhofsvorplatz   (0-24 Uhr)",12435,Deutschland,13.47396955,52.47871407,1,1,0.5,1,1,1,1,1,1,914
Wall_122585,"Wall CT, Greenwichpromenade",Berlin,Greenwichpromenade   (0-24 Uhr),13507,Deutschland,13.27259722,52.58909756,1,1,0.5,1,1,1,1,1,0,263
Wall_122586,"Wall CT, Wittenbergplatz, Ansbacher Str.",Berlin,"Wittenbergplatz, Ansbacher Str. ggü. 24 (0-24 Uhr)",10789,Deutschland,13.34272706,52.50246763,1,1,0.5,1,1,1,1,1,0,11
Wall_122587,"Wall CT, Mariendorfer Damm",Berlin,Mariendorfer Damm 90 (0-24 Uhr),12109,Deutschland,13.38566639,52.44438319,1,1,0.5,1,1,1,0,1,1,90
Wall_122588,"Wall CT, S-u. U-Bhf. Tempelhof, Tempelhofer Damm",Berlin,"S-u. U-Bhf. Tempelhof, Tempelhofer Damm 108 (0-24 Uhr)",12099,Deutschland,13.385392,52.470273,1,1,0.5,1,1,1,0,1,0,37
Wall_122589,"Wall CT, Klausenerplatz",Berlin,Klausenerplatz ggü. 23 (0-24 Uhr),14059,Deutschland,13.29035651,52.51879627,1,1,0.5,1,1,1,1,1,1,65
Wall_122590,"Wall CT, Hans-Rosenthal-Platz , Kufsteiner Str.",Berlin,"Hans-Rosenthal-Platz , Kufsteiner Str.   (0-24 Uhr)",10825,Deutschland,13.33693,52.480497,1,1,0.5,1,1,1,1,1,1,67
Wall_122608,"Wall CT, Trakehner Allee",Berlin,Trakehner Allee vor ggü. 3 (0-24 Uhr),14053,Deutschland,13.24342558,52.51295136,1,1,0.5,1,1,1,0,1,0,273
Wall_122609,"Wall CT, Olympischer Platz",Berlin,Olympischer Platz 6 (0-24 Uhr),14053,Deutschland,13.24435372,52.51559745,1,1,0.5,1,1,1,0,1,0,202
Wall_122610,"Wall CT, Trakehner Allee",Berlin,Trakehner Allee hinter ggü. 7 (0-24 Uhr),14053,Deutschland,13.24082699,52.51219565,1,1,0.5,1,1,1,0,1,0,162
Wall_122611,"Wall CT, Jesse-Owens-Allee",Berlin,Jesse-Owens-Allee vor ggü. 2 (0-24 Uhr),14053,Deutschland,13.23682913,52.51062285,1,1,0.5,1,1,1,0,1,0,872
Wall_122631,"Wall CT, Siegfriedstr.",Berlin,Siegfriedstr. ggü. 23 (0-24 Uhr),12051,Deutschland,13.43145832,52.46786211,1,1,0.5,1,1,1,0,1,1,704
Wall_122633,"Wall CT, Joachim-Gottschalk-Weg",Berlin,Joachim-Gottschalk-Weg 12-14 (0-24 Uhr),12353,Deutschland,13.47661219,52.42266021,1,1,0.5,1,1,1,0,1,0,125
Wall_122812,"Wall CT, Hallesches Ufer",Berlin,Hallesches Ufer   (0-24 Uhr),10969,Deutschland,13.3913257,52.49795128,1,1,0.5,1,1,1,0,1,1,804
Wall_122814,"Wall CT, Max.-Kraft-Platz, Katzlerstr.",Berlin,"Max.-Kraft-Platz, Katzlerstr. ggü. 20 (0-24 Uhr)",10823,Deutschland,13.3690377,52.49275795,1,1,0.5,1,1,1,1,1,1,944
Wall_122815,"Wall CT, Büsingstr.",Berlin,Büsingstr. ggü. 2 (0-24 Uhr),12161,Deutschland,13.32615964,52.4656853,1,1,0.5,1,1,1,1,1,0,742
Wall_122816,"Wall CT, Stübbenstr.",Berlin,Stübbenstr.   (0-24 Uhr),10779,Deutschland,13.33795722,52.48848511,1,1,0.5,1,1,1,1,1,1,300
Wall_122817,"Wall CT, Röblingstr.",Berlin,Röblingstr. 161 (0-24 Uhr),12105,Deutschland,13.36653677,52.4498736,1,1,0.5,1,1,1,1,1,0,307
Wall_122818,"Wall CT, Dennewitzplatz, Dennewitzstr.",Berlin,"Dennewitzplatz, Dennewitzstr. ggü. 22 (0-24 Uhr)",10783,Deutschland,13.36693678,52.49715432,1,1,0.5,1,1,1,1,1,1,692
Wall_122819,"Wall CT, Holzmannstr.",Berlin,Holzmannstr. ggü. 23 (0-24 Uhr),12099,Deutschland,13.41822526,52.46251872,1,1,0.5,1,1,1,1,1,1,715
Wall_122820,"Wall CT, Wartburgplatz, Martin-Luther-Str.",Berlin,"Wartburgplatz, Martin-Luther-Str.   (0-24 Uhr)",10823,Deutschland,13.3453017,52.48795426,1,1,0.5,1,1,1,0,1,1,743
Wall_122821,"Wall CT, Motzstr.",Berlin,Motzstr. ggü. 41 (0-24 Uhr),10777,Deutschland,13.34515858,52.49690682,1,1,0.5,1,1,1,1,1,1,744
Wall_122939,"Wall CT, Waltersdorfer Chaussee",Berlin,Waltersdorfer Chaussee ggü. 5-7 (0-24 Uhr),12355,Deutschland,13.49774032,52.41580884,1,1,0.5,1,1,1,0,1,1,10
Wall_122940,"Wall CT, Berkaer Str.",Berlin,Berkaer Str. vor 1 (0-24 Uhr),14199,Deutschland,13.29041806,52.47575169,1,1,0.5,1,1,1,1,1,0,904
Wall_122942,"Wall CT, Rudolfplatz, Modersohnstr.",Berlin,"Rudolfplatz, Modersohnstr. ggü. 53-55 (0-24 Uhr)",10245,Deutschland,13.4568589,52.50268307,1,1,0.5,1,1,1,0,1,1,807
Wall_122943,"Wall CT, Falckensteinstr.",Berlin,Falckensteinstr. hinter 38 (0-24 Uhr),10997,Deutschland,13.44302543,52.49899277,1,1,0.5,1,1,1,0,1,1,696
Wall_122974,"Wall CT, Oranienplatz",Berlin,Oranienplatz ggü. 1 (0-24 Uhr),10999,Deutschland,13.41511058,52.50259641,1,1,0.5,1,1,1,1,1,1,686
Wall_123024,"Wall CT, Mariannenplatz",Berlin,Mariannenplatz 2-3 (0-24 Uhr),10997,Deutschland,13.424531,52.50307,1,1,0.5,1,1,1,1,1,1,897
Wall_123027,"Wall CT, Klixarena, Zobeltitzstr.",Berlin,"Klixarena, Zobeltitzstr. ggü. 93 (0-24 Uhr)",13403,Deutschland,13.30872967,52.5702404,1,1,0.5,1,1,1,1,1,0,884
Wall_123029,"Wall CT, Letteplatz, Letteallee",Berlin,"Letteplatz, Letteallee ggü. 46 (0-24 Uhr)",13409,Deutschland,13.37090504,52.56329816,1,1,0.5,1,1,1,1,1,0,796
Wall_123030,"Wall CT, Schäfersee, Am Schäfersee",Berlin,"Schäfersee, Am Schäfersee   (0-24 Uhr)",13407,Deutschland,13.35862282,52.56345302,1,1,0.5,1,1,1,0,1,0,939
Wall_123031,"Wall CT, Auguste-Viktoria-Allee",Berlin,Auguste-Viktoria-Allee ggü. 88 (0-24 Uhr),13403,Deutschland,13.323864,52.57009936,1,1,0.5,1,1,1,0,1,0,799
Wall_123032,"Wall CT, Senftenberger Ring",Berlin,Senftenberger Ring   (0-24 Uhr),13439,Deutschland,13.35379007,52.59966518,1,1,0.5,1,1,1,0,1,0,797
Wall_123086,"Wall CT, Böhmischer Platz, Böhmische Str.",Berlin,"Böhmischer Platz, Böhmische Str. ggü. 45 (0-24 Uhr)",12055,Deutschland,13.44937242,52.47398918,1,1,0.5,1,1,1,0,1,0,907
Wall_123172,"Wall CT, Bürgerpark Pankow, Leonhard-Frank-Str.",Berlin,"Bürgerpark Pankow, Leonhard-Frank-Str. ggü. 1 (0-24 Uhr)",13156,Deutschland,13.38885603,52.56952419,1,1,0.5,1,1,1,1,1,1,883
Wall_123175,"Wall CT, Am Schlachtensee",Berlin,Am Schlachtensee (0-24 Uhr),14129,Deutschland,13.21444588,52.44015847,1,1,0.5,1,1,1,0,1,1,890
Wall_123176,"Wall CT, Mühlenstr.",Berlin,Mühlenstr. ggü. 65 (0-24 Uhr),12249,Deutschland,13.34776313,52.43215973,1,1,0.5,1,1,1,1,1,1,316
Wall_123312,"Wall CT, Osloer Str.",Berlin,Osloer Str.   (0-24 Uhr),13359,Deutschland,13.3722522,52.55703982,1,1,0.5,1,1,1,0,1,1,762
Wall_123363,"Wall CT, Stralsunder Str. (Fußgängerzone)",Berlin,Stralsunder Str. (Fußgängerzone) 61 (0-24 Uhr),13355,Deutschland,13.39527778,52.53977778,1,1,0.5,1,1,1,1,1,0,101
Wall_123365,"Wall CT, Weiskopffstr.",Berlin,Weiskopffstr. ggü. 12 (0-24 Uhr),12459,Deutschland,13.54179877,52.4577762,1,1,0.5,1,1,1,1,1,0,333
Wall_123366,"Wall CT, Ottomar-Geschke-Str.",Berlin,Ottomar-Geschke-Str. ggü. 49 (0-24 Uhr),12555,Deutschland,13.56284008,52.44649497,1,1,0.5,1,1,1,0,1,0,794
Wall_123376,"Wall CT, S-Bhf. Mahlsdorf, Hönower Str.",Berlin,"S-Bhf. Mahlsdorf, Hönower Str. ggü. 79 (0-24 Uhr)",12623,Deutschland,13.612439,52.51191613,1,1,0.5,1,1,1,1,1,1,719
Wall_123385,"Wall CT, Thomashöhe, Thomasstr.",Berlin,"Thomashöhe, Thomasstr. ggü. 11-15 (0-24 Uhr)",12053,Deutschland,13.43890576,52.47371414,1,1,0.5,1,1,1,0,1,1,136
Wall_123390,"Wall CT, Weichselstr. ",Berlin,Weichselstr.  ggü. 34 (0-24 Uhr),12045,Deutschland,13.43904128,52.48886023,1,1,0.5,1,1,1,1,1,1,882
Wall_123391,"Wall CT, Prerower Platz, Zingster Str.",Berlin,"Prerower Platz, Zingster Str. ggü 5 (0-24 Uhr)",13051,Deutschland,13.50409799,52.5644288,1,1,0.5,1,1,1,1,1,0,384
Wall_123392,"Wall CT, Vincent-van-Gogh-Str.",Berlin,Vincent-van-Gogh-Str. 20 (0-24 Uhr),13057,Deutschland,13.5244707,52.56469268,1,1,0.5,1,1,1,1,1,0,385
Wall_123393,"Wall CT, Storkower Str.",Berlin,Storkower Str. 207A (0-24 Uhr),10369,Deutschland,13.46552944,52.52439499,1,1,0.5,1,1,1,1,1,0,387
Wall_123394,"Wall CT, Hauptstr.",Berlin,Hauptstr. ggü. 44A (0-24 Uhr),13055,Deutschland,13.50529292,52.54865166,1,1,0.5,1,1,1,1,1,1,388
Wall_123395,"Wall CT, Am Tierpark",Berlin,Am Tierpark 72 (0-24 Uhr),10319,Deutschland,13.52272917,52.49745839,1,1,0.5,1,1,1,1,1,0,405
Wall_123397,"Wall CT, Rheinsteinpark, Königswinterstr.",Berlin,"Rheinsteinpark, Königswinterstr. ggü. 7 (0-24 Uhr)",10318,Deutschland,13.52979487,52.48326895,1,1,0.5,1,1,1,1,1,0,729
Wall_123402,"Wall CT, Paul-Lincke-Ufer",Berlin,Paul-Lincke-Ufer ggü. 16 (0-24 Uhr),10999,Deutschland,13.43181837,52.49284599,1,1,0.5,1,1,1,0,1,1,905
Wall_123403,"Wall CT, Waterloo-Ufer",Berlin,Waterloo-Ufer (0-24 Uhr),10961,Deutschland,13.39303038,52.49738984,1,1,0.5,1,1,1,0,1,0,700
Wall_123422,"Wall CT, Steinbergpark, Waidmannsluster Damm",Berlin,"Steinbergpark, Waidmannsluster Damm ggü. 85 (0-24 Uhr)",13469,Deutschland,13.30597673,52.60179768,1,1,0.5,1,1,1,0,1,0,798
Wall_123448,"Wall CT, Bhf. Jungfernheide, Lambertstr.",Berlin,"Bhf. Jungfernheide, Lambertstr.   (0-24 Uhr)",10589,Deutschland,13.30119545,52.53020158,1,1,0.5,1,1,1,0,1,1,751
Wall_123451,Toilette Alt-Stralau (Wendenpark) ,Berlin,"Alt-Stralau, Tunnelstr. ggü. 48-48C (0-24 Uhr)",10245,Deutschland,13.47848841,52.49203792,1,1,0,0,0,0,0,5,0,859
Wall_123452,Toilette Eingang Danziger Str./Paul-Heyse-Str.,Berlin,"Volkspark Friedrichshain, Neuer Hain   (0-24 Uhr)",10245,Deutschland,13.44354426,52.52926371,1,0,0,0,0,0,0,5,0,186
Wall_123453,Toilette Zugang Wiener Str./Ratiborstr.,Berlin,Görlitzer Park   (0-24 Uhr),10999,Deutschland,13.44150324,52.49520077,1,0,0,0,0,0,0,5,0,860
Wall_123484,"Wall CT, Viktoriapark, Kreuzbergstr.",Berlin,"Viktoriapark, Kreuzbergstr. ggü. 31 (0-24 Uhr)",10965,Deutschland,13.37759975,52.48935682,1,1,0.5,1,1,1,1,1,1,679
Wall_123487,"Wall CT, Schöneberger Str.",Berlin,Schöneberger Str. ggü. 21A-22 (0-24 Uhr),10963,Deutschland,13.37787755,52.50259594,1,1,0.5,1,1,1,1,1,1,681
Wall_123490,"Wall CT, Waldeckpark, Alte Jakobstr.",Berlin,"Waldeckpark, Alte Jakobstr. ggü. 110 (0-24 Uhr)",10969,Deutschland,13.40262528,52.50666608,1,1,0.5,1,1,1,1,1,1,685
Wall_123491,"Wall CT, Görlitzer Park, Zugang",Berlin,"Görlitzer Park, Zugang (0-24 Uhr)",10999,Deutschland,13.43770549,52.49719518,1,1,0.5,1,1,1,0,1,1,878
Wall_123492,"Wall CT, Görlitzer Park, Zugang",Berlin,"Görlitzer Park, Zugang   (0-24 Uhr)",10999,Deutschland,13.43216788,52.49909929,1,1,0.5,1,1,1,0,1,1,877
Wall_123493,"Wall CT, Petersburger Platz, Straßmannstr.",Berlin,"Petersburger Platz, Straßmannstr. ggü. 21 (0-24 Uhr)",10249,Deutschland,13.44995016,52.5220687,1,1,0.5,1,1,1,1,1,1,668
Wall_123495,"Wall CT, Barnetstr.",Berlin,Barnetstr. ggü. 54 (0-24 Uhr),12305,Deutschland,13.39612461,52.39691451,1,1,0.5,1,1,1,1,1,1,741
Wall_123496,"Wall CT, Dominicusstr.",Berlin,Dominicusstr. 16-18 (0-24 Uhr),10825,Deutschland,13.34670603,52.48240819,1,1,0.5,1,1,1,0,1,1,892
Wall_123497,"Wall CT, Warschauer Str.",Berlin,Warschauer Str. hinter 47-48 (0-24 Uhr),10243,Deutschland,13.44696249,52.50337659,1,1,0.5,1,1,1,0,1,1,695
Wall_123498,"Wall CT, Edinburger Str.",Berlin,Edinburger Str. 38 (0-24 Uhr),13349,Deutschland,13.3483289,52.55611129,1,1,0.5,1,1,1,1,1,1,159
Wall_123499,"Wall CT, Kranoldplatz, Bendastr.",Berlin,"Kranoldplatz, Bendastr.   (0-24 Uhr)",12051,Deutschland,13.43685584,52.46616766,1,1,0.5,1,1,1,0,1,1,153
Wall_123500,"Wall CT, Möllendorffstr.",Berlin,Möllendorffstr.   (0-24 Uhr),10367,Deutschland,13.47958581,52.5189996,1,1,0.5,1,1,1,1,1,1,165
Wall_123501,"Wall CT, Rennbahnstr.",Berlin,Rennbahnstr. ggü. 1-2 (0-24 Uhr),13086,Deutschland,13.46589437,52.55719695,1,1,0.5,1,1,1,1,1,1,176
Wall_123502,"Wall CT, Bosepark, Manteuffelstr.",Berlin,"Bosepark, Manteuffelstr. ggü. 9 (0-24 Uhr)",12103,Deutschland,13.377623,52.463965,1,1,0.5,1,1,1,1,1,1,147
Wall_123515,"Wall CT, Admiralbrücke, Planufer",Berlin,"Admiralbrücke, Planufer   (0-24 Uhr)",10967,Deutschland,13.41512985,52.49491367,1,1,0.5,1,1,1,0,1,1,926
Wall_123524,"Wall CT, Freizeitpark Tegel an der Malche, Campestr. ",Berlin,"Freizeitpark Tegel an der Malche, Campestr.  hinter 11 (0-24 Uhr)",13507,Deutschland,13.26915398,52.59267525,1,1,0.5,1,1,1,1,1,0,359
Wall_123562,"Wall CT, Alt-Gatow",Berlin,Alt-Gatow hinter 65 (0-24 Uhr),14089,Deutschland,13.18358238,52.48393111,1,1,0.5,1,1,1,1,1,1,802
Wall_123563,"Wall CT, Heerstr.",Berlin,Heerstr. vor 229 (0-24 Uhr),13595,Deutschland,13.194946,52.51334865,1,1,0.5,1,1,1,1,1,0,888
Wall_123605,"Wall CT, Rummelsburger Str.",Berlin,Rummelsburger Str.   (0-24 Uhr),10315,Deutschland,13.50423507,52.50247187,1,1,0.5,1,1,1,1,1,0,930
Wall_123608,"Wall CT, Roederplatz ",Berlin,Roederplatz    (0-24 Uhr),10367,Deutschland,13.48059285,52.52733508,1,1,0.5,1,1,1,1,1,0,931
Wall_123610,"Wall CT, Waldowstr.",Berlin,Waldowstr. ggü. 31 (0-24 Uhr),13053,Deutschland,13.48561327,52.5480863,1,1,0.5,1,1,1,1,1,0,943
Wall_123757,"Wall CT, Niederneuendorfer Allee",Berlin,Niederneuendorfer Allee 11 (0-24 Uhr),13587,Deutschland,13.2107809,52.56738179,1,1,0.5,1,1,1,1,1,0,928
Wall_123759,"Wall CT, Gärtnereiring",Berlin,Gärtnereiring ggü. 54 (0-24 Uhr),13593,Deutschland,13.14647959,52.52375233,1,1,0.5,1,1,1,1,1,0,927
Wall_123777,"Wall CT, Swinemünder Str.",Berlin,Swinemünder Str. 34 (0-24 Uhr),13355,Deutschland,13.39902465,52.54142395,1,1,0.5,1,1,1,1,1,0,941
Wall_123792,"Wall CT, Schönleinstr.",Berlin,Schönleinstr. ggü. 8 (0-24 Uhr),10967,Deutschland,13.4206793,52.49176611,1,1,0.5,1,1,1,1,1,1,690
Wall_123794,"Wall CT, Hermann-Dorner-Allee",Berlin,Hermann-Dorner-Allee   (0-24 Uhr),12487,Deutschland,13.52014861,52.4339902,1,1,0.5,1,1,1,0,1,0,923
Wall_123795,"Wall CT, Fasanerie",Berlin,Fasanerie 4-5 (0-24 Uhr),13469,Deutschland,13.36471606,52.60744808,1,1,0.5,1,1,1,1,1,0,801
Wall_123817,"Wall CT, Alt-Buckow",Berlin,Alt-Buckow 25 (0-24 Uhr),12349,Deutschland,13.4329283,52.42214827,1,1,0.5,1,1,1,0,1,0,924
Wall_123829,"Wall CT, Franz-Neumann-Platz, Pankower Allee",Berlin,"Franz-Neumann-Platz, Pankower Allee ggü. 1 (0-24 Uhr)",13409,Deutschland,13.36483612,52.56363042,1,1,0.5,1,1,1,1,1,0,885
Wall_123871,"Wall CT, Nettelbeckplatz, Gerichtstr.",Berlin,"Nettelbeckplatz, Gerichtstr. 31 (0-24 Uhr)",13347,Deutschland,13.3685794,52.54487816,1,1,0.5,1,1,1,1,1,1,938
Wall_123874,"Wall CT, Hansaplatz, Altonaer Str.",Berlin,"Hansaplatz, Altonaer Str. ggü. 20-22 (0-24 Uhr)",10557,Deutschland,13.34058231,52.5181034,1,1,0.5,1,1,1,0,1,1,745
Wall_123902,"Wall CT, Lietzenseepark, Kaiserdamm",Berlin,"Lietzenseepark, Kaiserdamm ggü. 8 (0-24 Uhr)",14057,Deutschland,13.29092873,52.51025412,1,1,0.5,1,1,1,1,1,0,922
Wall_123903,"Wall CT, Stuttgarter Platz",Berlin,Stuttgarter Platz ggü. 15 (0-24 Uhr),10627,Deutschland,13.30150375,52.50514267,1,1,0.5,1,1,1,0,1,1,920
Wall_123922,"Wall CT, Warnitzer Str.",Berlin,Warnitzer Str. 6 (0-24 Uhr),13057,Deutschland,13.52008467,52.56624519,1,1,0.5,1,1,1,1,1,1,940
Wall_123923,"Wall CT, Sundgauer Str.",Berlin,Sundgauer Str. 109 (0-24 Uhr),14167,Deutschland,13.27464965,52.43523367,1,1,0.5,1,1,1,0,1,0,906
Wall_123924,"Wall CT, Onkel-Tom-Str.",Berlin,Onkel-Tom-Str. 95 (0-24 Uhr),14163,Deutschland,13.25176639,52.4489334,1,1,0.5,1,1,1,1,1,0,889
Wall_123925,"Wall CT, Argentinische Allee",Berlin,Argentinische Allee hinter 253 (0-24 Uhr),14169,Deutschland,13.26961478,52.45090718,1,1,0.5,1,1,1,0,1,1,313
Wall_123973,"Wall CT, An der Wuhle",Berlin,An der Wuhle ggü. 56 (0-24 Uhr),12621,Deutschland,13.56670493,52.48688152,1,1,0.5,1,1,1,1,1,1,913
Wall_123974,"Wall CT, Köpenicker Str.",Berlin,Köpenicker Str. 259 A (0-24 Uhr),12683,Deutschland,13.55957132,52.47930072,1,1,0.5,1,1,1,0,1,0,936
Wall_124023,"Wall CT, Weinbergspark, Veteranenstr.",Berlin,"Weinbergspark, Veteranenstr. ggü. 22 (0-24 Uhr)",10119,Deutschland,13.40105178,52.53302967,1,1,0.5,1,1,1,0,1,1,747
Wall_124025,"Wall CT, Böcklerpark, Prinzenstr.",Berlin,"Böcklerpark, Prinzenstr. 1  (0-24 Uhr)",10969,Deutschland,13.40675338,52.49671855,1,1,0.5,1,1,1,0,1,1,687
Wall_124026,"Wall CT, Lohmühleninsel, Lohmühlenstr.",Berlin,"Lohmühleninsel, Lohmühlenstr.   (0-24 Uhr)",10997,Deutschland,13.44949818,52.49666977,1,1,0.5,1,1,1,1,1,1,918
Wall_124087,"Wall CT, Alt-Stralau, Tunnelstr.",Berlin,"Alt-Stralau, Tunnelstr. hinter 12 (0-24 Uhr)",10245,Deutschland,13.48090149,52.49002096,1,1,0.5,1,1,1,1,1,1,876
Wall_124125,"Wall CT, Kienbergpark, Hellersdorfer Str.",Berlin,"Kienbergpark, Hellersdorfer Str. 159 (0-24 Uhr)",12627,Deutschland,13.59102368,52.53133866,1,1,0.5,1,1,1,1,1,1,911
Wall_124145,"Wall CT, Schönagelstr.",Berlin,Schönagelstr. (0-24 Uhr),12679,Deutschland,13.57016699,52.54851987,1,1,0.5,1,1,1,1,1,0,912
Wall_124359,"Wall CT, Schleidenplatz, Waldeyerstr.",Berlin,"Schleidenplatz, Waldeyerstr. ggü. 5 (0-24 Uhr)",10247,Deutschland,13.47264935,52.51567353,1,1,0.5,1,1,1,1,1,1,934
Wall_124362,"Wall CT, Heinrich-Heine-Str.",Berlin,Heinrich-Heine-Str. 16 (0-24 Uhr),10179,Deutschland,13.41390433,52.50826582,1,1,0.5,1,1,1,0,1,0,748
Wall_124364,"Wall CT, Sellerpark, Sellerstr.",Berlin,"Sellerpark, Sellerstr.   (0-24 Uhr)",13353,Deutschland,13.3657435,52.53715677,1,1,0.5,1,1,1,1,1,1,925
Wall_124366,"Wall CT, Ratsgasse (Marktplatz-Fußgängerzone)",Berlin,Ratsgasse (Marktplatz-Fußgängerzone)   (0-24 Uhr),16727,Deutschland,13.17765,52.68761,1,1,0.5,1,0,0,0,2,0,
Wall_124383,"Wall CT, Soldiner Str.",Berlin,Soldiner Str. 77 (0-24 Uhr),13359,Deutschland,13.38363977,52.55932318,1,1,0.5,1,1,1,1,1,1,933
Wall_124386,"Wall CT, Ostender Str.",Berlin,Ostender Str. ggü. 12 (0-24 Uhr),13353,Deutschland,13.35229855,52.5462709,1,1,0.5,1,1,1,1,1,1,765
Wall_124396,"Wall CT, Dianaplatz, Dianastr.",Berlin,"Dianaplatz, Dianastr. hinter 59 a (0-24 Uhr)",13469,Deutschland,13.31222352,52.60615835,1,1,0.5,1,1,1,1,1,0,937
Wall_124414,"Wall CT, Konrad-Wolf-Str.",Berlin,Konrad-Wolf-Str. ggü. 76 (0-24 Uhr),13055,Deutschland,13.48131665,52.53887274,1,1,0.5,1,1,1,0,1,1,951
Wall_124435,"Wall CT, Südstern",Berlin,Südstern (0-24 Uhr),10967,Deutschland,13.40735842,52.48949359,1,1,0.5,1,1,1,0,1,1,346
Wall_124489,"Wall CT, Meierottostr.",Berlin,Meierottostr. ggü. 8 (0-24 Uhr),10719,Deutschland,13.32997355,52.49674723,1,1,0.5,1,1,1,0,1,0,946
Wall_124513,"Wall CT, Winterfeldtplatz, Gleditschstr.",Berlin,"Winterfeldtplatz, Gleditschstr. vor 5 (0-24 Uhr)",10781,Deutschland,13.355023,52.496171,1,1,0.5,1,1,1,1,1,1,917
Wall_124549,"Wall CT, Alt-Lübars",Berlin,Alt-Lübars 19 B (0-24 Uhr),13469,Deutschland,13.35871347,52.62098483,1,1,0.5,1,1,1,1,1,0,950
Wall_124551,"Wall CT, Dolgenseestr.",Berlin,Dolgenseestr. ggü. 9 E (0-24 Uhr),10319,Deutschland,13.50757274,52.49237856,1,1,0.5,1,1,1,1,1,0,949
Wall_124552,"Wall CT, Dr.-Ilse-Kassel-Platz, Schloßstr.",Berlin,"Dr.-Ilse-Kassel-Platz, Schloßstr. ggü. 5 (0-24 Uhr)",13467,Deutschland,13.31335932,52.6169709,1,1,0.5,1,1,1,1,1,0,945
Wall_124583,"Wall CT, Oberbaumstr.",Berlin,Oberbaumstr. vor 11 (0-24 Uhr),10997,Deutschland,13.44349367,52.50084206,1,1,0.5,1,1,1,0,1,1,688
Wall_124615,"Wall CT, Sportforum, Weißenseer Weg",Berlin,"Sportforum, Weißenseer Weg vor 53 (0-24 Uhr)",13053,Deutschland,13.47238387,52.53787421,1,1,0.5,1,1,1,1,1,1,909
Wall_124630,"Wall CT, Crellemarkt, Großgörschenstr.",Berlin,"Crellemarkt, Großgörschenstr. ggü. 31 (0-24 Uhr)",10827,Deutschland,13.36586194,52.49131892,1,1,0.5,1,1,1,0,1,1,935
Wall_124686,"Wall CT, Alt-Köpenick",Berlin,Alt-Köpenick vor 32 (0-24 Uhr),12555,Deutschland,13.57381067,52.44532618,1,1,0.5,1,1,1,1,1,1,795
Wall_124690,"Wall CT, Egon-Erwin-Kisch-Str.",Berlin,Egon-Erwin-Kisch-Str. vor 106 (0-24 Uhr),13059,Deutschland,13.51341865,52.56779315,1,1,0.5,1,1,1,1,1,0,893
Wall_125174,"Wall CT, Gothaer Str.",Berlin,Gothaer Str. 37 (0-24 Uhr),12629,Deutschland,13.58899359,52.53960364,1,1,0.5,1,1,1,0,1,0,910
Wall_125237,"Wall CT, Afrikanische Str.",Berlin,Afrikanische Str. ggü. 92 (0-24 Uhr),13351,Deutschland,13.33653721,52.55264088,1,1,0.5,1,1,1,1,1,1,921
Wall_125245,"Wall CT, Grüntaler Str.",Berlin,Grüntaler Str. 41 (0-24 Uhr),13359,Deutschland,13.39360981,52.55637254,1,1,0.5,1,1,1,1,1,1,948
Wall_125298,"Wall CT, Volkspark Hasenheide",Berlin,Volkspark Hasenheide   (0-24 Uhr),10965,Deutschland,13.41713616,52.48445441,1,1,0.5,1,1,1,1,1,1,705
Wall_125473,"Wall CT, Emma-Ihrer-Str.",Berlin,Emma-Ihrer-Str. hinter ggü. 39 (0-24 Uhr),10317,Deutschland,13.47860842,52.49750446,1,1,0.5,1,1,1,1,1,0,952
Wall_125493,"Wall CT, Schützenstr.",Berlin,Schützenstr. hinter 10 (0-24 Uhr),13585,Deutschland,13.21029458,52.55015019,1,1,0.5,1,1,1,0,1,0,953
Wall_3389,"Wall CT, Unter den Linden",Berlin,Unter den Linden 76 (0-24 Uhr),10117,Deutschland,13.38126945,52.51660919,1,1,0.5,1,0,0,0,2,0,178
Wall_34518,Toilette Gutsmuthsweg,Berlin,Trakehner Allee vor ggü. 3 (bei Veranst.),14053,Deutschland,13.2435201,52.512991,1,0,0,0,0,0,0,4,0,276
Wall_34520,Toilette Gutsmuthsweg (Eingang Hockey-Stadion),Berlin,Olympischer Platz 6 (bei Veranst.),14053,Deutschland,13.24459,52.51562,1,0,0,0,0,0,0,4,0,275
Wall_34522,Toilette Coubertinplatz,Berlin,Trakehner Allee hinter ggü. 7 (bei Veranst.),14053,Deutschland,13.240781,52.5121801,1,0,0,0,0,0,0,4,0,274
Wall_34523,Toilette Eingang Reithalle / Tunnelweg,Berlin,Jesse-Owens-Allee vor ggü. 2 (bei Veranst.),14053,Deutschland,13.23694025,52.51064618,1,0,0,0,0,0,0,4,0,200
Wall_34524,Toilette U-Bhf. Olympia-Stadion,Berlin,Rossitter Platz (bei Veranst.),14053,Deutschland,13.24938,52.51746,1,0,0,0,0,0,0,4,0,873
Wall_5329,Toilette Osnabrücker Str.,Berlin,Mierendorffplatz (7-22 Uhr),10589,Deutschland,13.30438889,52.52552778,1,1,0,0,0,0,0,5,0,290
Wall_5330,Toilette Budapester Str.,Berlin,Breitscheidplatz (9-22 Uhr),10789,Deutschland,13.33611111,52.50494444,1,1,0.5,0,0,0,0,3,0,191
Wall_5331,Toilette Joachimsthaler Str.,Berlin,"Joachimsthaler Platz, Kurfürstendamm 226 (7-22 Uhr)",10719,Deutschland,13.33086111,52.50333333,1,0,0.5,0,0,0,0,3,0,198
Wall_5332,Toilette Olympischer Platz,Berlin,"Olympiastadion, Gutsmuthsweg (bei Veranst.)",14053,Deutschland,13.24402778,52.51422222,1,0,0,0,0,0,0,5,0,171
Wall_5333,Toilette Glockenturmstr. 1,Berlin,"Waldbühne/Maifeld, Passenheimer Str. (bei Veranst.)",14053,Deutschland,13.23063889,52.51361111,1,0,0,0,0,0,0,5,0,203
Wall_5335,Toilette Reichsstr.,Berlin,Theodor-Heuss-Platz ggü. 4-6 (7-22 Uhr),14052,Deutschland,13.272577,52.509679,1,0,0,0,0,0,0,5,0,210
Wall_5336,Toilette Aßmannstr. (Marktplatz Friedrichshagen),Berlin,Bölschestr. 113 (7-22 Uhr),12587,Deutschland,13.62458333,52.45066667,1,1,0,0,0,0,0,5,0,261
Wall_5338,Toilette Spielplatz,Berlin,Viktoriapark (0-24 Uhr),10965,Deutschland,13.37786111,52.4875,1,0,0,0,0,0,0,5,0,212
Wall_5339,Toilette,Berlin,Alexanderplatz 1 (7-22 Uhr),10178,Deutschland,13.412954,52.521463,1,1,0.5,0,0,0,0,3,0,2
Wall_5340,Toilette Spandauer Str. (ggü. Nikolaiviertel),Berlin,Rathausstr. ggü. 17 (10-18 Uhr),10178,Deutschland,13.40641667,52.51847222,1,1,0.5,0,0,0,0,3,0,183
Wall_5341,Toilette Gutschmidtstr. (am U-Bhf.),Berlin,"Britz-Süd , Fritz-Reuter-Allee (7-22 Uhr)",12359,Deutschland,13.44738889,52.43736111,1,0,0,0,0,0,0,5,0,227
Wall_5342,Toilette Sonnenallee,Berlin,Elbestr. 39 (7-22 Uhr),12045,Deutschland,13.438239,52.482874,1,0,0,0,0,0,0,5,0,228
Wall_5343,Toilette Residenzstr.,Berlin,"Schäfersee , Am Schäfersee ggü. 1 (7-22 Uhr)",13407,Deutschland,13.36380556,52.56416667,1,0,0,0,0,0,0,5,0,238
Wall_5344,Toilette Burscheider Weg,Berlin,Haselhorster Damm 23 (0-24 Uhr),13599,Deutschland,13.23827778,52.54447222,1,1,0,0,0,0,0,5,0,266
Wall_5345,Toilette Quellweg,Berlin,"Jugendplatz , Jugendweg (0-24 Uhr)",13629,Deutschland,13.26988889,52.53784722,1,0,0,0,0,0,0,5,0,243
Wall_5346,Toilette Obstallee,Berlin,Magistratsweg 8a (0-24 Uhr),13593,Deutschland,13.16316667,52.52125,1,1,0,0,0,0,0,5,0,267
Wall_5347,Toilette Breite Str.,Berlin,Mönchstr. 8 (0-24 Uhr),13597,Deutschland,13.20548611,52.53763889,1,1,0,0,0,0,0,5,0,280
Wall_5348,Toilette Breite Str.,Berlin,"Spandauer Markt , Markt 5 (7-22 Uhr)",13597,Deutschland,13.20502778,52.53686111,1,1,0.2,0,0,0,0,3,0,4
Wall_5349,Toilette Holbeinstr. (Ludwig-Beck-Platz),Berlin,Moltkestr. (0-24 Uhr),12203,Deutschland,13.31208333,52.44266667,1,0,0,0,0,0,0,5,0,255
Wall_5350,Toilette Oswald-Schumann-Platz (Tiergarten),Berlin,Altonaer Str. (0-24 Uhr),10557,Deutschland,13.34522222,52.51555556,1,0,0,0,0,0,0,5,0,214
Wall_5351,Toilette Großer Stern,Berlin,"Großer Stern (Haus C) , Str. des 17. Juni (7-22 Uhr)",10785,Deutschland,13.34841667,52.51423611,1,0,0,0,0,0,0,5,0,192
Wall_5353,Toilette Konstanzer Str.,Berlin,"Preußenpark , Brandenburgische Str. (7-22 Uhr)",10707,Deutschland,13.310916,52.493104,1,1,0,0,0,0,0,5,0,206
Wall_5354,Toilette Livländische Str.,Berlin,"Volkspark Wilmersdorf , Am Volkspark (7-22 Uhr)",10715,Deutschland,13.326417,52.48288,1,0,0,0,0,0,0,5,0,199
Wall_5355,Toilette Anlegestelle Wannsee (hi. Kronprinzessinenweg),Berlin,"Wannsee , Rönnebypromenade (07-22 Uhr)",14109,Deutschland,13.17622222,52.42147222,1,1,0,0,0,0,0,5,0,847
Wall_5356,Toilette Arndtstr.,Berlin,Chamissoplatz 1 (0-24 Uhr),10965,Deutschland,13.39090278,52.48852778,1,0,0,0,0,0,0,4,0,211
Wall_5358,Toilette Karl-Marx-Str.,Berlin,Kirchhofstr. (0-24 Uhr),12051,Deutschland,13.44138889,52.47155556,1,0,0,0,0,0,0,4,0,229
Wall_5359,Toilette Fellbacher Str.,Berlin,"Fellbacher Platz , Heinsestr. (0-24 Uhr)",13467,Deutschland,13.30761111,52.61613889,1,0,0,0,0,0,0,4,0,234
Wall_5360,Toilette Schloßstr.,Berlin,Berliner Str. 105-106 (0-24 Uhr),13507,Deutschland,13.283026,52.590697,1,0,0,0,0,0,0,4,0,264
Wall_5361,Toilette Mariendorfer Damm,Berlin,Friedenstr. (0-24 Uhr),12107,Deutschland,13.386907,52.438695,1,0,0,0,0,0,0,4,0,257
Wall_5362,Toilette Havelberger Str.,Berlin,"Stephanplatz , Stephanstr. (0-24 Uhr)",10559,Deutschland,13.34701389,52.53352778,1,0,0,0,0,0,0,4,0,224
Wall_5363,Toilette Oldenburger Str.,Berlin,"Unionplatz , Siemensstr. (0-24 Uhr)",10551,Deutschland,13.33677778,52.53322222,1,0,0,0,0,0,0,4,0,226
Wall_5364,Toilette Kiautschoustr.,Berlin,"Pekinger Platz , Nordufer (0-24 Uhr)",13353,Deutschland,13.35325,52.53990278,1,0,0,0,0,0,0,4,0,223
Wall_5365,Toilette Scholzplatz stew. (ex. Scholzplatz),Berlin,Heerstr. (0-24 Uhr),14055,Deutschland,13.22763889,52.5065,1,0,0,0,0,0,0,5,0,196
Wall_5366,Toilette Wilmersdorfer Str. staw. (Parkplatz),Berlin,Schillerstr. (0-24 Uhr),10625,Deutschland,13.30673611,52.51016667,1,0,0,0,0,0,0,5,0,209
Wall_5367,Toilette Haus Nr. 63-65 (Badestelle Saatwinkel) (ex. Saatwinkel),Berlin,Im Saatwinkel (0-24 Uhr),13599,Deutschland,13.24652778,52.56166667,1,0,0,0,0,0,0,5,0,235
Wall_5368,Toilette verlängerte Sterkrader Str.,Berlin,"Flughafensee Tegel , Schwarzer Weg (0-24 Uhr)",13507,Deutschland,13.28552778,52.57077778,1,0,0,0,0,0,0,5,0,
Wall_5369,Toilette Zufahrt Insel Scharfenberg/Freibad Tegeler See (ex. Strandbad Tegel),Berlin,Schwarzer Weg (0-24 Uhr),13505,Deutschland,13.24322222,52.576,1,0,0,0,0,0,0,5,0,240
Wall_5370,Toilette Revierförsterei Tegelsee/Parkplatz (ex. Revierförsterei Tegel Schwarzer Weg),Berlin,Schwarzer Weg 71 (0-24 Uhr),13505,Deutschland,13.25380556,52.58538889,1,0,0,0,0,0,0,5,0,239
Wall_5371,Toilette Uferweg (Große Badewiese) (ex. Große Badewiese/Waldschluchtpfad),Berlin,verlängerter Waldschluchtpfad (0-24 Uhr),14089,Deutschland,13.18155556,52.46983333,1,0,0,0,0,0,0,5,0,250
Wall_5373,Toilette Haus Nr. 15 (ex. Groß Glienicker See/Badewiese),Berlin,"Groß Glienicker See , Uferpromenade (0-24 Uhr)",14089,Deutschland,13.119,52.47119444,1,0,0,0,0,0,0,5,0,248
Wall_5374,Toilette Im Dohl (Groß Glienicker See/DLRG-Wasserrettungsstation) (ex. Groß Glienicker See/Pferdek.),Berlin,"Groß Glienicker See , verlängerte Uferpromenade (0-24 Uhr)",14089,Deutschland,13.11545833,52.46125,1,0,0,0,0,0,0,5,0,249
Wall_5376,Toilette Bürgerablage (Badestelle),Berlin,"Bürgerablage , Niederneuendorfer Allee 80 (0-24 Uhr)",13587,Deutschland,13.21008333,52.58522222,1,0,0,0,0,0,0,5,0,244
Wall_5377,Toilette Uferpromenade (ex. Aalemannkanal),Berlin,Rustweg (0-24 Uhr),13587,Deutschland,13.21916667,52.57538889,1,0,0,0,0,0,0,5,0,245
Wall_5378,Toilette Tiergarten-Unterschleuse (ex. Tiergarten Schleuse),Berlin,"Großer Tiergarten , Tiergartenufer (0-24 Uhr)",10787,Deutschland,13.33672222,52.51261111,1,0,0,0,0,0,0,5,0,225
Wall_5379,Toilette Spreeweg (Tiergarten Spielplatz) (ex. Tiergarten Spielplatz),Berlin,"Großer Tiergarten , Bellevueallee (0-24 Uhr)",10557,Deutschland,13.35663889,52.51633333,1,0,0,0,0,0,0,5,0,216
Wall_5381,Toilette Transvaalstr. (Plötzensee/Volkspark Rehberge) (ex. Dohnagestell / Plötzensee),Berlin,Dohnagestell (0-24 Uhr),13351,Deutschland,13.32997222,52.54672222,1,0,0,0,0,0,0,5,0,
Wall_5382,Toilette Hüttenweg/AVUS A115,Berlin,Kronprinzessinnenweg (0-24 Uhr),14193,Deutschland,13.23525,52.46897222,1,0,0,0,0,0,0,5,0,254
Wall_5383,Toilette (Wanderwegekreuzung mit Umgehungschaussee) (ex.Grunewaldsee Ost),Berlin,Grunewaldsee-Ostufer (0-24 Uhr),14193,Deutschland,13.26611111,52.47180556,1,0,0,0,0,0,0,5,0,
Wall_5384,Toilette Parkplatz Lieper Bucht (ex. Lieper Bucht/Parkplatz Havelchaussee),Berlin,Havelchaussee (0-24 Uhr),14193,Deutschland,13.19816667,52.4695,1,0,0,0,0,0,0,5,0,268
Wall_5385,Toilette Friedenthalpark (Badewiese Halensee) (ex. Halensee/Badewiese),Berlin,"Halensee , Halenseestr. (0-24 Uhr)",14193,Deutschland,13.28333333,52.49561111,1,0,0,0,0,0,0,5,0,195
Wall_5386,Toilette Neuer Schildhornweg (Badewiese Teufelssee) (ex. Teufelssee),Berlin,"Teufelssee , Schildhornweg (0-24 Uhr)",14193,Deutschland,13.23469444,52.48952778,1,0,0,0,0,0,0,5,0,208
Wall_5387,Toilette Parkplatz Große Steinlake,Berlin,Havelchaussee (0-24 Uhr),14109,Deutschland,13.18988889,52.45458333,1,0,0,0,0,0,0,5,0,
Wall_5388,Toilette Wasserrettungsstation Heckeshorn/Großer Wannsee,Berlin,"Heckeshorn , Uferweg (0-24 Uhr)",14109,Deutschland,13.16505556,52.43480556,1,0,0,0,0,0,0,5,0,253
Wall_5389,Toilette Pfaueninselchaussee (Wasserrettungsstation Jagen 97),Berlin,Uferpromenade (0-24 Uhr),14109,Deutschland,13.12941667,52.42938889,1,0,0,0,0,0,0,5,0,270
Wall_5390,Toilette Heuweg (Wasserrettungsstation Alter Hof/Jagen 95),Berlin,Uferpromenade (0-24 Uhr),14109,Deutschland,13.14322222,52.43241667,1,0,0,0,0,0,0,5,0,272
Wall_5391,Toilette Parkplatz Südufer Krumme Lanke,Berlin,"Krumme Lanke , Fischerhüttenweg (0-24 Uhr)",14193,Deutschland,13.22883333,52.44775,1,0,0,0,0,0,0,5,0,251
Wall_5392,Toilette Paul-Ernst-Park (Schlachtensee),Berlin,"Schlachtensee , Am Schlachtensee (0-24 Uhr)",14129,Deutschland,13.21547222,52.44077778,1,0,0,0,0,0,0,5,0,256
Wall_5393,Toilette Schönhauser Allee,Berlin,"Senefelderplatz , Metzer Str. (0-24 Uhr)",10119,Deutschland,13.41288889,52.53244444,1,0,0,0,0,0,0,4,0,232
Wall_5394,Toilette Haus Nr. 59 (Badestelle/Rettungsstelle Havel) (ex. Heiligensee/Badewiese),Berlin,Sandhauser Str. (0-24 Uhr),13503,Deutschland,13.22155556,52.59436111,1,0,0,0,0,0,0,5,0,237
Wall_54774,Toilette Dr.-Kleusberg-Promenade,Berlin,Scharfe Lanke ggü. 133 B (0-24 Uhr),13589,Deutschland,13.18521,52.50165,1,0,0,0,0,0,0,5,0,247
Fremd_1,Toilette Am Denkmal für die ermordeten Juden Europas (Hannah-Arendt-Straße | Ecke Cora-Berliner-Straße) ,Berlin,Am Denkmal für die ermordeten Juden Europas (Hannah-Arendt-Straße | Ecke Cora-Berliner-Straße) ,10117,Deutschland,13.38045,52.51376,0,1,0,0,0,0,0,6,0,
Fremd_10,Toilette Tempelhofer Feld,Berlin,Tempelhofer Feld,10965,Deutschland,13.40874,52.4793,0,0,0,0,0,0,0,6,0,
Fremd_116,Toilette Friedhof Heerstraße (an der Friedhofskapelle),Berlin,Friedhof Heerstraße (an der Friedhofskapelle),14053,Deutschland,13.24907803,52.5148825,0,0,0,0,0,0,0,6,0,
Fremd_117,Toilette Friedhof Ruhleben (altes Verwaltungsgebäude),Berlin,Friedhof Ruhleben (altes Verwaltungsgebäude),13597,Deutschland,13.23108,52.525284,0,0,0,0,0,0,0,6,0,
Fremd_118,Toilette Friedhof Heerstraße (Eingangsbereich Insterburgallee),Berlin,Friedhof Heerstraße (Eingangsbereich Insterburgallee),14053 ,Deutschland,13.253641,52.512298,0,0,0,0,0,0,0,6,0,
Fremd_119,Toilette Friedhof Grunewald,Berlin,Friedhof Grunewald,10711,Deutschland,13.285584,52.49824,0,1,0,0,0,0,0,6,0,
Fremd_12,Toilette Wannsee (Sommerbetrieb),Berlin,Wannsee (Sommerbetrieb),14129,Deutschland,13.17935,52.43684,0,0,0,0,0,0,0,6,0,
Fremd_120,Toilette Friedhof Schmargendorf,Berlin,Friedhof Schmargendorf,14199 ,Deutschland,13.292135,52.473386,0,0,0,0,0,0,0,6,0,
Fremd_121,Toilette Friedhof Wilmersdorf,Berlin,Friedhof Wilmersdorf,10713 ,Deutschland,13.310068,52.487212,0,1,0,0,0,0,0,6,0,
Fremd_122,Toilette Fennpfuhlpark,Berlin,Fennpfuhlpark,10369 ,Deutschland,13.47701186,52.52949119,0,0,0,0,0,0,0,6,0,
Fremd_123,Toilette Rummelsburger Bucht,Berlin,Rummelsburger Bucht,10317 ,Deutschland,13.4810596,52.49558827,0,0,0,0,0,0,0,6,0,
Fremd_124,Toilette Landschaftspark Herzberge,Berlin,Landschaftspark Herzberge,10315,Deutschland,13.50827539,52.52176023,0,1,0,0,0,0,0,6,0,
Fremd_125,Toilette Kienbergpark,Berlin,Kienbergpark,12683 ,Deutschland,13.58944035,52.53061792,0,0,0,0,0,0,0,6,0,
Fremd_126,Toilette Rotes Rathaus,Berlin,Rotes Rathaus,10178 ,Deutschland,13.40631,52.51849,0,0,0.5,1,0,0,1,6,0,
Fremd_127,Toilette Kleiner Tiergarten | Stromstraße,Berlin,Kleiner Tiergarten | Stromstraße,10551 ,Deutschland,13.34312,52.52585,0,0,0,0,0,0,0,6,0,
Fremd_128,"Toilette Volkspark Rehberge, Eingang Afrikanische Straße | Ottawi Straße I Dohnagestell",Berlin,"Volkspark Rehberge, Eingang Afrikanische Straße | Ottawi Straße I Dohnagestell",13351 ,Deutschland,13.33705,52.55272,0,0,0,0,0,0,0,6,0,
Fremd_129,Toilette Hasenheide - Hasenschänke,Berlin,Hasenheide - Hasenschänke,10965 ,Deutschland,13.41657562,52.48257038,0,0,0,0,0,0,0,6,0,
Fremd_13,Toilette Leopoldplatz (Schulstraße | Turiner Straße),Berlin,Leopoldplatz (Schulstraße | Turiner Straße),13347,Deutschland,13.36125,52.54789,0,1,0.1,1,0,0,0,6,0,
Fremd_130,Toilette Friedhof Lilienthalstraße - Lilienthalstraße 7,Berlin,Friedhof Lilienthalstraße - Lilienthalstraße 7,10965 ,Deutschland,13.4083137,52.48666923,0,0,0,0,0,0,0,6,0,
Fremd_131,Toilette Friedhof Columbiadamm - Columbiadamm 122,Berlin,Friedhof Columbiadamm - Columbiadamm 122,10965 ,Deutschland,13.40845809,52.48036276,0,0,0,0,0,0,0,6,0,
Fremd_132,Toilette Friedhof Urnenhain - Leonberger Ring 54,Berlin,Friedhof Urnenhain - Leonberger Ring 54,12349 ,Deutschland,13.42644698,52.42813444,0,0,0,0,0,0,0,6,0,
Fremd_133,Toilette Friedhof Alt-Buckow - Alt-Buckow 39B,Berlin,Friedhof Alt-Buckow - Alt-Buckow 39B,12349 ,Deutschland,13.43057499,52.42147758,0,0,0,0,0,0,0,6,0,
Fremd_134,Toilette Friedhof Koppelweg - Koppelweg 10,Berlin,Friedhof Koppelweg - Koppelweg 10,12347 ,Deutschland,13.43189422,52.44507031,0,0,0,0,0,0,0,6,0,
Fremd_135,Toilette Parkfriedhof Neukölln - Buckower Damm 148,Berlin,Parkfriedhof Neukölln - Buckower Damm 148,12349 ,Deutschland,13.43254835,52.43115223,0,0,0,0,0,0,0,6,0,
Fremd_136,Toilette Friedhof Buschkrugallee - Buschkrugallee 38,Berlin,Friedhof Buschkrugallee - Buschkrugallee 38,12347,Deutschland,13.4462947,52.46039697,0,0,0,0,0,0,0,6,0,
Fremd_137,Toilette Café im Park am Buschkrug,Berlin,Café im Park am Buschkrug,12359 ,Deutschland,13.45117178,52.45389879,0,0,0,0,0,0,0,6,0,
Fremd_138,Toilette Friedhof Rudow - Köpenicker Straße 131,Berlin,Friedhof Rudow - Köpenicker Straße 131,12355 ,Deutschland,13.50395749,52.42098279,0,0,0,0,0,0,0,6,0,
Fremd_139,Toilette Kiosk im Nordpark,Berlin,Kiosk im Nordpark,12355 ,Deutschland,13.50626576,52.4052645,0,0,0,0,0,0,0,6,0,
Fremd_140,Toilette Mauerpark(Erweiterung),Berlin,Mauerpark(Erweiterung),13355 ,Deutschland,13.40114104,52.54401062,0,0,0,0,0,0,0,6,0,
Fremd_141,Toilette Flughafensee Tegel (Bernauer/Sterkraderstr.),Berlin,Flughafensee Tegel (Bernauer/Sterkraderstr.),13507 ,Deutschland,13.28361,52.56961,0,0,0,0,0,0,0,6,0,
Fremd_142,Toilette Franz-Neumann-Platz,Berlin,Franz-Neumann-Platz,13409 ,Deutschland,13.36498277,52.56309208,0,0,0,0,0,0,0,6,0,
Fremd_143,Toilette Familienfarm Lübars,Berlin,Familienfarm Lübars,13469,Deutschland,13.36754064,52.60806632,0,0,0,0,0,0,0,6,0,
Fremd_144,Toilette Am Kiesteich 50 (Parkplatz Gr. Spektesee),Berlin,Am Kiesteich 50 (Parkplatz Gr. Spektesee),13589,Deutschland,13.16485933,52.54883988,0,0,0,0,0,0,0,6,0,
Fremd_145,Toilette Landhausgarten Fraenkel,Berlin,Landhausgarten Fraenkel,14089,Deutschland,13.3607668,52.4292303,0,0,0,0,0,0,0,6,0,
Fremd_146,Toilette Landschaftsfriedhof Gatow,Berlin,Landschaftsfriedhof Gatow,14089,Deutschland,13.1547685,52.49708884,0,0,0,0,0,0,0,6,0,
Fremd_147,Toilette Friedhof in den Kisseln,Berlin,Friedhof in den Kisseln,13589,Deutschland,13.17453976,52.55919108,0,0,0,0,0,0,0,6,0,
Fremd_148,Toilette Friedhof in den Kisseln,Berlin,Friedhof in den Kisseln,13589,Deutschland,13.17724271,52.55562957,0,0,0,0,0,0,0,6,0,
Fremd_149,Toilette Friedhof in den Kisseln,Berlin,Friedhof in den Kisseln,13589,Deutschland,13.18804503,52.55642392,0,0,0,0,0,0,0,6,0,
Fremd_15,Toilette Volkspark Friedrichshain | Neuer Hain,Berlin,Volkspark Friedrichshain | Neuer Hain,10249,Deutschland,13.43486,52.52773,0,1,0,0,0,0,0,6,0,
Fremd_150,Toilette Friedhof Staaken,Berlin,Friedhof Staaken,13591,Deutschland,13.13270991,52.525277,0,0,0,0,0,0,0,6,0,
Fremd_151,Toilette Pfaueninselchaussee Rettungsstation Jagen 97,Berlin,Pfaueninselchaussee Rettungsstation Jagen 97,14109,Deutschland,13.21491,52.44044,0,0,0,0,0,0,0,6,0,
Fremd_152,Toilette Südende Schlachtensee ggü. Nr. 145,Berlin,Südende Schlachtensee ggü. Nr. 145,14129,Deutschland,13.25644,52.43837,0,0,0,0,0,0,0,6,0,
Fremd_153,"Toilette Friedenstr. 8-10, 14109 Berlin",Berlin,"Friedenstr. 8-10, 14109 Berlin",14109,Deutschland,13.14164789,52.41363293,0,0,0,0,0,0,0,6,0,
Fremd_154,"Toilette Königin-Luise-Str. 57 (Friedhof), 14195 Berlin",Berlin,"Königin-Luise-Str. 57 (Friedhof), 14195 Berlin",14195,Deutschland,13.28612418,52.4588973,0,0,0,0,0,0,0,6,0,
Fremd_155,"Toilette Thuner Platz 2-4 (Friedhof), 12205 Berlin",Berlin,"Thuner Platz 2-4 (Friedhof), 12205 Berlin",12205,Deutschland,13.29633709,52.42344251,0,0,0,0,0,0,0,6,0,
Fremd_156,"Toilette Bergstr. 38 (Friedhof), 12169 Berlin",Berlin,"Bergstr. 38 (Friedhof), 12169 Berlin",12169,Deutschland,13.34214946,52.45862323,0,0,0,0,0,0,0,6,0,
Fremd_157,"Toilette Pächter der Gewerbeeinheit - (Perelsplatz 1, 12159 Berlin) während der Öffnungszeiten",Berlin,"Pächter der Gewerbeeinheit - (Perelsplatz 1, 12159 Berlin) während der Öffnungszeiten",12159,Deutschland,13.3351537,52.47597555,0,0,0,0,0,0,0,6,0,
Fremd_158,"Toilette Rathaus Schöneberg,  John-F.-Kennedy-Platz",Berlin,"Rathaus Schöneberg,  John-F.-Kennedy-Platz",10825,Deutschland,13.3440247,52.4847989,0,1,0,0,0,0,0,6,0,
Fremd_159,Toilette BDG Manteuffelstraße 63 12103 Berlin,Berlin,BDG Manteuffelstraße 63 12103 Berlin,12103,Deutschland,13.37824134,52.46398798,0,1,0,0,0,0,0,6,0,
Fremd_16,Toilette Oranienplatz,Berlin,Oranienplatz,10969,Deutschland,13.41514,52.50263,0,0,0,0,0,0,0,6,0,
Fremd_160,Toilette BDG Rathausstraße 27 / Kaiserstraße 10105 Berlin,Berlin,BDG Rathausstraße 27 / Kaiserstraße 10105 Berlin,10105,Deutschland,13.37917091,52.44589174,0,1,0,0,0,0,0,6,0,
Fremd_161,Toilette BDG  Strelitzstraße 15/17 / Machonstraße 10105 Berlin,Berlin,BDG  Strelitzstraße 15/17 / Machonstraße 10105 Berlin,10105,Deutschland,13.38306343,52.44932379,0,1,0,0,0,0,0,6,0,
Fremd_162,"Toilette Pächter der Gewerbeeinheit -  (Alt-Tempelhof 21,  12103 Berlin) während der Öffnungszeiten",Berlin,"Pächter der Gewerbeeinheit -  (Alt-Tempelhof 21,  12103 Berlin) während der Öffnungszeiten",12103,Deutschland,13.38526099,52.46600147,0,0,0,0,0,0,0,6,0,
Fremd_163,"Toilette Rathaus Tempelhof, Tempelhofer Damm 165",Berlin,"Rathaus Tempelhof, Tempelhofer Damm 165",12099,Deutschland,13.38600654,52.46244695,0,1,0,0,0,0,0,6,0,
Fremd_164,"Toilette Gemeinschaftshaus Lichtenrade Barnetstraße 11, 12305 Berlin",Berlin,"Gemeinschaftshaus Lichtenrade Barnetstraße 11, 12305 Berlin",12305,Deutschland,13.40555411,52.39433845,0,1,0,0,0,0,0,6,0,
Fremd_165,"Toilette Rathaus Neue Krugallee 4,12435 Berlin",Berlin,"Rathaus Neue Krugallee 4,12435 Berlin",12435,Deutschland,13.48026935,52.48351127,0,1,0,0,0,0,0,6,0,
Fremd_166,"Toilette Friedhof Baumschulenweg Warteraum, Kiefholzstraße 221-228, 12437 Berlin",Berlin,"Friedhof Baumschulenweg Warteraum, Kiefholzstraße 221-228, 12437 Berlin",12437,Deutschland,13.49343,52.46053,0,0,0,0,0,0,0,6,0,
Fremd_167,"Toilette Friedhof Baumschulenweg,Öffentl.",Berlin,"Friedhof Baumschulenweg,Öffentl.",12437,Deutschland,13.49379,52.46054,0,0,0,0,0,0,0,6,0,
Fremd_168,"Toilette Bürgeramt Michael-Brückner-Str. 1, 12439 Berlin",Berlin,"Bürgeramt Michael-Brückner-Str. 1, 12439 Berlin",12439,Deutschland,13.51079703,52.45620193,0,1,0,0,0,0,0,6,0,
Fremd_169,"Toilette Mittelpunktbibliothek Michael-Brückner-Str. 9, 12439 Berlin",Berlin,"Mittelpunktbibliothek Michael-Brückner-Str. 9, 12439 Berlin",12439,Deutschland,13.5142104,52.4539572,0,0,0,0,0,0,0,6,0,
Fremd_17,Toilette Cuvrystraße,Berlin,Cuvrystraße,10997,Deutschland,13.44417,52.49827,0,0,0,0,0,0,0,6,0,
Fremd_170,"Toilette Bürgerhaus Altglienicke Ortolfstr. 182-184, 12524 Berlin",Berlin,"Bürgerhaus Altglienicke Ortolfstr. 182-184, 12524 Berlin",12524,Deutschland,13.5285371,52.40319338,0,1,0,0,0,0,0,6,0,
Fremd_171,"Toilette Friedh. Oberschöneweide, Verlängerte Rathenaustr. 131 a, 12459 Berlin",Berlin,"Friedh. Oberschöneweide, Verlängerte Rathenaustr. 131 a, 12459 Berlin",12459,Deutschland,13.53482,52.46336,0,0,0,0,0,0,0,6,0,
Fremd_172,"Toilette Friedhof Adlershof, Friedlander Straße 156, 12489 Berlin",Berlin,"Friedhof Adlershof, Friedlander Straße 156, 12489 Berlin",12489,Deutschland,13.54731,52.44318,0,1,0,0,0,0,0,6,0,
Fremd_173,"Toilette Dörpfeldstr., 12849 Berlin",Berlin,"Dörpfeldstr., 12849 Berlin",12849,Deutschland,13.54811147,52.43794759,0,1,0,0,0,0,0,6,0,
Fremd_174,"Toilette Rathaus Alt - Köpenick 21,12555 Berlin",Berlin,"Rathaus Alt - Köpenick 21,12555 Berlin",12555,Deutschland,13.5748506,52.44575342,0,1,0,0,0,0,0,6,0,
Fremd_175,"Toilette Müggelheimer Str. 1, 12555 Berlin",Berlin,"Müggelheimer Str. 1, 12555 Berlin",12555,Deutschland,13.57494932,52.44409583,0,0,0,0,0,0,0,6,0,
Fremd_176,"Toilette Bürgerzentrum Grünau, Wassersportallee 34, 12527 Berlin",Berlin,"Bürgerzentrum Grünau, Wassersportallee 34, 12527 Berlin",12527,Deutschland,13.57820528,52.41575038,0,1,0,0,0,0,0,6,0,
Fremd_177,"Toilette Mittelpunktsbibliothek Alter Markt 2, 12555 Berlin",Berlin,"Mittelpunktsbibliothek Alter Markt 2, 12555 Berlin",12555,Deutschland,13.58451491,52.44669697,0,0,0,0,0,0,0,6,0,
Fremd_178,"Toilette Friedhof Grünau, Wartebereich",Berlin,"Friedhof Grünau, Wartebereich",12527 ,Deutschland,13.59039,52.40715,0,1,0,0,0,0,0,6,0,
Fremd_179,"Toilette Friedhof Grünau öffentlich, Rabindranath-Tagore-Straße 18-20, 12527 Berlin",Berlin,"Friedhof Grünau öffentlich, Rabindranath-Tagore-Straße 18-20, 12527 Berlin",12527,Deutschland,13.59041,52.40732,0,1,0,0,0,0,0,6,0,
Fremd_18,Toilette Mariannenplatz,Berlin,Mariannenplatz,10997,Deutschland,13.42465,52.5031,0,1,0,0,0,0,0,6,0,
Fremd_180,"Toilette Friedhof Müggelheim, Gosener Landstraße 1 / Im Jagen 127, 12559 Berlin",Berlin,"Friedhof Müggelheim, Gosener Landstraße 1 / Im Jagen 127, 12559 Berlin",12559,Deutschland,13.67507235,52.40662895,0,0,0,0,0,0,0,6,0,
Fremd_181,"Toilette Friedhof Rahnsdorf, Fürstenwalder Allee 93, 12589 Berlin",Berlin,"Friedhof Rahnsdorf, Fürstenwalder Allee 93, 12589 Berlin",12589,Deutschland,13.69588,52.43754,0,1,0,0,0,0,0,6,0,
Fremd_19,Toilette Kleiner Tiergarten | Stromstraße,Berlin,Kleiner Tiergarten | Stromstraße,10551,Deutschland,13.34312,52.52585,0,0,0,0,0,0,0,6,0,
Fremd_2,Toilette Ehemaliger Garnisonfriedhof | Müllerstraße ,Berlin,Ehemaliger Garnisonfriedhof | Müllerstraße ,13347,Deutschland,13.35924,52.54892,0,0,0,0,0,0,0,6,0,
Fremd_3,Toilette Park am Gleisdreieck,Berlin,Park am Gleisdreieck,10963,Deutschland,13.37306,52.49629,0,1,0,0,0,0,0,6,0,
Fremd_4,Toilette Park am Gleisdreieck,Berlin,Park am Gleisdreieck,10963,Deutschland,13.3769,52.49502,0,1,0,0,0,0,0,6,0,
Fremd_5,Toilette Tempelhofer Feld,Berlin,Tempelhofer Feld,12049,Deutschland,13.41755,52.47681,0,1,0,0,0,0,0,6,0,
Fremd_6,Toilette Tempelhofer Feld,Berlin,Tempelhofer Feld,12049,Deutschland,13.41766,52.47019,0,1,0,0,0,0,0,6,0,
Fremd_7,Toilette Tempelhofer Feld,Berlin,Tempelhofer Feld,12101,Deutschland,13.38677,52.4713,0,1,0,0,0,0,0,6,0,
Fremd_8,Toilette Tempelhofer Feld,Berlin,Tempelhofer Feld,10965,Deutschland,13.40995,52.4794,0,1,0,0,0,0,0,6,0,
Fremd_9,Toilette Tempelhofer Feld,Berlin,Tempelhofer Feld,10965,Deutschland,13.40423,52.4817,0,0,0,0,0,0,0,6,0,